2016-01-01,3.0,0, POINT (26.8655157189 9.04056833659) 
2016-01-02,3.0,0, POINT (26.8655157189 9.04056833659) 
2016-01-03,3.0,0, POINT (26.8655157189 9.04056833659) 
2016-01-04,3.0,0, POINT (26.8655157189 9.04056833659) 
2016-01-05,3.0,0, POINT (26.8655157189 9.04056833659) 
2016-01-06,3.0,0, POINT (26.8655157189 9.04056833659) 
2016-01-07,3.0,0, POINT (26.8655157189 9.04056833659) 
2016-01-08,3.0,0, POINT (26.8655157189 9.04056833659) 
2016-01-09,3.0,0, POINT (26.8655157189 9.04056833659) 
2016-01-10,3.0,0, POINT (26.8655157189 9.04056833659) 
2016-01-11,3.0,0, POINT (26.8655157189 9.04056833659) 
2016-01-12,3.0,0, POINT (26.8655157189 9.04056833659) 
2016-01-13,3.0,0, POINT (26.8655157189 9.04056833659) 
2016-01-14,3.0,0, POINT (26.8655157189 9.04056833659) 
2016-01-15,3.0,0, POINT (26.8655157189 9.04056833659) 
2016-01-16,3.0,0, POINT (26.8655157189 9.04056833659) 
2016-01-17,3.0,0, POINT (26.8655157189 9.04056833659) 
2016-01-18,3.0,0, POINT (26.8655157189 9.04056833659) 
2016-01-19,3.0,0, POINT (26.8655157189 9.04056833659) 
2016-01-20,3.0,1, POINT (26.8655157189 9.04056833659) 
2016-01-21,3.0,0, POINT (26.8655157189 9.04056833659) 
2016-01-22,3.0,0, POINT (26.8655157189 9.04056833659) 
2016-01-23,3.0,0, POINT (26.8655157189 9.04056833659) 
2016-01-24,3.0,0, POINT (26.8655157189 9.04056833659) 
2016-01-25,3.0,0, POINT (26.8655157189 9.04056833659) 
2016-01-26,3.0,0, POINT (26.8655157189 9.04056833659) 
2016-01-27,3.0,0, POINT (26.8655157189 9.04056833659) 
2016-01-28,3.0,1, POINT (26.8655157189 9.04056833659) 
2016-01-29,3.0,0, POINT (26.8655157189 9.04056833659) 
2016-01-30,3.0,1, POINT (26.8655157189 9.04056833659) 
2016-01-31,3.0,0, POINT (26.8655157189 9.04056833659) 
2016-02-01,3.0,0, POINT (26.8655157189 9.04056833659) 
2016-02-02,3.0,0, POINT (26.8655157189 9.04056833659) 
2016-02-03,3.0,0, POINT (26.8655157189 9.04056833659) 
2016-02-04,3.0,0, POINT (26.8655157189 9.04056833659) 
2016-02-05,3.0,0, POINT (26.8655157189 9.04056833659) 
2016-02-06,3.0,0, POINT (26.8655157189 9.04056833659) 
2016-02-07,3.0,0, POINT (26.8655157189 9.04056833659) 
2016-02-08,3.0,0, POINT (26.8655157189 9.04056833659) 
2016-02-09,3.0,1, POINT (26.8655157189 9.04056833659) 
2016-02-10,2.9,0, POINT (26.8655157189 9.04056833659) 
2016-02-11,2.8,0, POINT (26.8655157189 9.04056833659) 
2016-02-12,2.7,0, POINT (26.8655157189 9.04056833659) 
2016-02-13,2.6,0, POINT (26.8655157189 9.04056833659) 
2016-02-14,2.5,0, POINT (26.8655157189 9.04056833659) 
2016-02-15,2.4,0, POINT (26.8655157189 9.04056833659) 
2016-02-16,2.3,0, POINT (26.8655157189 9.04056833659) 
2016-02-17,2.2,0, POINT (26.8655157189 9.04056833659) 
2016-02-18,2.1,0, POINT (26.8655157189 9.04056833659) 
2016-02-19,2.0,1, POINT (26.8655157189 9.04056833659) 
2016-02-20,2.0,0, POINT (26.8655157189 9.04056833659) 
2016-02-21,2.0,0, POINT (26.8655157189 9.04056833659) 
2016-02-22,2.0,0, POINT (26.8655157189 9.04056833659) 
2016-02-23,2.0,0, POINT (26.8655157189 9.04056833659) 
2016-02-24,2.0,0, POINT (26.8655157189 9.04056833659) 
2016-02-25,2.0,0, POINT (26.8655157189 9.04056833659) 
2016-02-26,2.0,0, POINT (26.8655157189 9.04056833659) 
2016-02-27,2.0,0, POINT (26.8655157189 9.04056833659) 
2016-02-28,2.0,0, POINT (26.8655157189 9.04056833659) 
2016-02-29,2.0,0, POINT (26.8655157189 9.04056833659) 
2016-03-01,2.0,0, POINT (26.8655157189 9.04056833659) 
2016-03-02,2.0,0, POINT (26.8655157189 9.04056833659) 
2016-03-03,2.0,0, POINT (26.8655157189 9.04056833659) 
2016-03-04,2.0,0, POINT (26.8655157189 9.04056833659) 
2016-03-05,2.0,0, POINT (26.8655157189 9.04056833659) 
2016-03-06,2.0,0, POINT (26.8655157189 9.04056833659) 
2016-03-07,2.0,0, POINT (26.8655157189 9.04056833659) 
2016-03-08,2.0,0, POINT (26.8655157189 9.04056833659) 
2016-03-09,2.0,0, POINT (26.8655157189 9.04056833659) 
2016-03-10,2.0,0, POINT (26.8655157189 9.04056833659) 
2016-03-11,2.0,0, POINT (26.8655157189 9.04056833659) 
2016-03-12,2.0,0, POINT (26.8655157189 9.04056833659) 
2016-03-13,2.0,0, POINT (26.8655157189 9.04056833659) 
2016-03-14,2.0,0, POINT (26.8655157189 9.04056833659) 
2016-03-15,2.0,0, POINT (26.8655157189 9.04056833659) 
2016-03-16,2.0,0, POINT (26.8655157189 9.04056833659) 
2016-03-17,2.0,0, POINT (26.8655157189 9.04056833659) 
2016-03-18,2.0,0, POINT (26.8655157189 9.04056833659) 
2016-03-19,2.0,0, POINT (26.8655157189 9.04056833659) 
2016-03-20,2.0,1, POINT (26.8655157189 9.04056833659) 
2016-03-21,2.0,0, POINT (26.8655157189 9.04056833659) 
2016-03-22,2.0,0, POINT (26.8655157189 9.04056833659) 
2016-03-23,2.0,0, POINT (26.8655157189 9.04056833659) 
2016-03-24,2.0,0, POINT (26.8655157189 9.04056833659) 
2016-03-25,2.0,0, POINT (26.8655157189 9.04056833659) 
2016-03-26,2.0,0, POINT (26.8655157189 9.04056833659) 
2016-03-27,2.0,0, POINT (26.8655157189 9.04056833659) 
2016-03-28,2.0,0, POINT (26.8655157189 9.04056833659) 
2016-03-29,2.0,0, POINT (26.8655157189 9.04056833659) 
2016-03-30,2.0,1, POINT (26.8655157189 9.04056833659) 
2016-03-31,2.0,0, POINT (26.8655157189 9.04056833659) 
2016-04-01,2.0,0, POINT (26.8655157189 9.04056833659) 
2016-04-02,2.0,0, POINT (26.8655157189 9.04056833659) 
2016-04-03,2.0,0, POINT (26.8655157189 9.04056833659) 
2016-04-04,2.0,0, POINT (26.8655157189 9.04056833659) 
2016-04-05,2.0,0, POINT (26.8655157189 9.04056833659) 
2016-04-06,2.0,0, POINT (26.8655157189 9.04056833659) 
2016-04-07,2.0,0, POINT (26.8655157189 9.04056833659) 
2016-04-08,2.0,0, POINT (26.8655157189 9.04056833659) 
2016-04-09,2.0,1, POINT (26.8655157189 9.04056833659) 
2016-04-10,2.0,0, POINT (26.8655157189 9.04056833659) 
2016-04-11,2.0,0, POINT (26.8655157189 9.04056833659) 
2016-04-12,2.0,0, POINT (26.8655157189 9.04056833659) 
2016-04-13,2.0,0, POINT (26.8655157189 9.04056833659) 
2016-04-14,2.0,0, POINT (26.8655157189 9.04056833659) 
2016-04-15,2.0,0, POINT (26.8655157189 9.04056833659) 
2016-04-16,2.0,0, POINT (26.8655157189 9.04056833659) 
2016-04-17,2.0,0, POINT (26.8655157189 9.04056833659) 
2016-04-18,2.0,0, POINT (26.8655157189 9.04056833659) 
2016-04-19,2.0,0, POINT (26.8655157189 9.04056833659) 
2016-04-20,2.0,0, POINT (26.8655157189 9.04056833659) 
2016-04-21,2.0,0, POINT (26.8655157189 9.04056833659) 
2016-04-22,2.0,0, POINT (26.8655157189 9.04056833659) 
2016-04-23,2.0,0, POINT (26.8655157189 9.04056833659) 
2016-04-24,2.0,0, POINT (26.8655157189 9.04056833659) 
2016-04-25,2.0,0, POINT (26.8655157189 9.04056833659) 
2016-04-26,2.0,0, POINT (26.8655157189 9.04056833659) 
2016-04-27,2.0,0, POINT (26.8655157189 9.04056833659) 
2016-04-28,2.0,0, POINT (26.8655157189 9.04056833659) 
2016-04-29,2.0,1, POINT (26.8655157189 9.04056833659) 
2016-04-30,2.05,0, POINT (26.8655157189 9.04056833659) 
2016-05-01,2.1,0, POINT (26.8655157189 9.04056833659) 
2016-05-02,2.15,0, POINT (26.8655157189 9.04056833659) 
2016-05-03,2.2,0, POINT (26.8655157189 9.04056833659) 
2016-05-04,2.25,0, POINT (26.8655157189 9.04056833659) 
2016-05-05,2.3,0, POINT (26.8655157189 9.04056833659) 
2016-05-06,2.35,0, POINT (26.8655157189 9.04056833659) 
2016-05-07,2.4,0, POINT (26.8655157189 9.04056833659) 
2016-05-08,2.45,0, POINT (26.8655157189 9.04056833659) 
2016-05-09,2.5,0, POINT (26.8655157189 9.04056833659) 
2016-05-10,2.55,0, POINT (26.8655157189 9.04056833659) 
2016-05-11,2.6,0, POINT (26.8655157189 9.04056833659) 
2016-05-12,2.65,0, POINT (26.8655157189 9.04056833659) 
2016-05-13,2.7,0, POINT (26.8655157189 9.04056833659) 
2016-05-14,2.75,0, POINT (26.8655157189 9.04056833659) 
2016-05-15,2.8,0, POINT (26.8655157189 9.04056833659) 
2016-05-16,2.85,0, POINT (26.8655157189 9.04056833659) 
2016-05-17,2.9,0, POINT (26.8655157189 9.04056833659) 
2016-05-18,2.95,0, POINT (26.8655157189 9.04056833659) 
2016-05-19,3.0,1, POINT (26.8655157189 9.04056833659) 
2016-05-20,3.03,0, POINT (26.8655157189 9.04056833659) 
2016-05-21,3.07,0, POINT (26.8655157189 9.04056833659) 
2016-05-22,3.1,0, POINT (26.8655157189 9.04056833659) 
2016-05-23,3.13,0, POINT (26.8655157189 9.04056833659) 
2016-05-24,3.17,0, POINT (26.8655157189 9.04056833659) 
2016-05-25,3.2,0, POINT (26.8655157189 9.04056833659) 
2016-05-26,3.23,0, POINT (26.8655157189 9.04056833659) 
2016-05-27,3.27,0, POINT (26.8655157189 9.04056833659) 
2016-05-28,3.3,0, POINT (26.8655157189 9.04056833659) 
2016-05-29,3.33,0, POINT (26.8655157189 9.04056833659) 
2016-05-30,3.37,0, POINT (26.8655157189 9.04056833659) 
2016-05-31,3.4,0, POINT (26.8655157189 9.04056833659) 
2016-06-01,3.43,0, POINT (26.8655157189 9.04056833659) 
2016-06-02,3.47,0, POINT (26.8655157189 9.04056833659) 
2016-06-03,3.5,0, POINT (26.8655157189 9.04056833659) 
2016-06-04,3.53,0, POINT (26.8655157189 9.04056833659) 
2016-06-05,3.57,0, POINT (26.8655157189 9.04056833659) 
2016-06-06,3.6,0, POINT (26.8655157189 9.04056833659) 
2016-06-07,3.63,0, POINT (26.8655157189 9.04056833659) 
2016-06-08,3.67,0, POINT (26.8655157189 9.04056833659) 
2016-06-09,3.7,0, POINT (26.8655157189 9.04056833659) 
2016-06-10,3.73,0, POINT (26.8655157189 9.04056833659) 
2016-06-11,3.77,0, POINT (26.8655157189 9.04056833659) 
2016-06-12,3.8,0, POINT (26.8655157189 9.04056833659) 
2016-06-13,3.83,0, POINT (26.8655157189 9.04056833659) 
2016-06-14,3.87,0, POINT (26.8655157189 9.04056833659) 
2016-06-15,3.9,0, POINT (26.8655157189 9.04056833659) 
2016-06-16,3.93,0, POINT (26.8655157189 9.04056833659) 
2016-06-17,3.97,0, POINT (26.8655157189 9.04056833659) 
2016-06-18,4.0,1, POINT (26.8655157189 9.04056833659) 
2016-06-19,4.14,0, POINT (26.8655157189 9.04056833659) 
2016-06-20,4.29,0, POINT (26.8655157189 9.04056833659) 
2016-06-21,4.43,0, POINT (26.8655157189 9.04056833659) 
2016-06-22,4.57,0, POINT (26.8655157189 9.04056833659) 
2016-06-23,4.71,0, POINT (26.8655157189 9.04056833659) 
2016-06-24,4.86,0, POINT (26.8655157189 9.04056833659) 
2016-06-25,5.0,0, POINT (26.8655157189 9.04056833659) 
2016-06-26,5.14,0, POINT (26.8655157189 9.04056833659) 
2016-06-27,5.29,0, POINT (26.8655157189 9.04056833659) 
2016-06-28,5.43,0, POINT (26.8655157189 9.04056833659) 
2016-06-29,5.57,0, POINT (26.8655157189 9.04056833659) 
2016-06-30,5.71,0, POINT (26.8655157189 9.04056833659) 
2016-07-01,5.86,0, POINT (26.8655157189 9.04056833659) 
2016-07-02,6.0,1, POINT (26.8655157189 9.04056833659) 
2016-07-03,5.96,0, POINT (26.8655157189 9.04056833659) 
2016-07-04,5.92,0, POINT (26.8655157189 9.04056833659) 
2016-07-05,5.88,0, POINT (26.8655157189 9.04056833659) 
2016-07-06,5.83,0, POINT (26.8655157189 9.04056833659) 
2016-07-07,5.79,0, POINT (26.8655157189 9.04056833659) 
2016-07-08,5.75,0, POINT (26.8655157189 9.04056833659) 
2016-07-09,5.71,0, POINT (26.8655157189 9.04056833659) 
2016-07-10,5.67,0, POINT (26.8655157189 9.04056833659) 
2016-07-11,5.63,0, POINT (26.8655157189 9.04056833659) 
2016-07-12,5.58,0, POINT (26.8655157189 9.04056833659) 
2016-07-13,5.54,0, POINT (26.8655157189 9.04056833659) 
2016-07-14,5.5,0, POINT (26.8655157189 9.04056833659) 
2016-07-15,5.46,0, POINT (26.8655157189 9.04056833659) 
2016-07-16,5.42,0, POINT (26.8655157189 9.04056833659) 
2016-07-17,5.38,0, POINT (26.8655157189 9.04056833659) 
2016-07-18,5.33,0, POINT (26.8655157189 9.04056833659) 
2016-07-19,5.29,0, POINT (26.8655157189 9.04056833659) 
2016-07-20,5.25,0, POINT (26.8655157189 9.04056833659) 
2016-07-21,5.21,0, POINT (26.8655157189 9.04056833659) 
2016-07-22,5.17,0, POINT (26.8655157189 9.04056833659) 
2016-07-23,5.13,0, POINT (26.8655157189 9.04056833659) 
2016-07-24,5.08,0, POINT (26.8655157189 9.04056833659) 
2016-07-25,5.04,0, POINT (26.8655157189 9.04056833659) 
2016-07-26,5.0,1, POINT (26.8655157189 9.04056833659) 
2016-07-27,6.5,0, POINT (26.8655157189 9.04056833659) 
2016-07-28,8.0,1, POINT (26.8655157189 9.04056833659) 
2016-07-29,8.0,0, POINT (26.8655157189 9.04056833659) 
2016-07-30,8.0,0, POINT (26.8655157189 9.04056833659) 
2016-07-31,8.0,0, POINT (26.8655157189 9.04056833659) 
2016-08-01,8.0,0, POINT (26.8655157189 9.04056833659) 
2016-08-02,8.0,0, POINT (26.8655157189 9.04056833659) 
2016-08-03,8.0,0, POINT (26.8655157189 9.04056833659) 
2016-08-04,8.0,0, POINT (26.8655157189 9.04056833659) 
2016-08-05,8.0,0, POINT (26.8655157189 9.04056833659) 
2016-08-06,8.0,0, POINT (26.8655157189 9.04056833659) 
2016-08-07,8.0,1, POINT (26.8655157189 9.04056833659) 
2016-08-08,8.43,0, POINT (26.8655157189 9.04056833659) 
2016-08-09,8.87,0, POINT (26.8655157189 9.04056833659) 
2016-08-10,9.3,0, POINT (26.8655157189 9.04056833659) 
2016-08-11,9.73,0, POINT (26.8655157189 9.04056833659) 
2016-08-12,10.17,0, POINT (26.8655157189 9.04056833659) 
2016-08-13,10.6,0, POINT (26.8655157189 9.04056833659) 
2016-08-14,11.03,0, POINT (26.8655157189 9.04056833659) 
2016-08-15,11.47,0, POINT (26.8655157189 9.04056833659) 
2016-08-16,11.9,0, POINT (26.8655157189 9.04056833659) 
2016-08-17,12.33,0, POINT (26.8655157189 9.04056833659) 
2016-08-18,12.77,0, POINT (26.8655157189 9.04056833659) 
2016-08-19,13.2,0, POINT (26.8655157189 9.04056833659) 
2016-08-20,13.63,0, POINT (26.8655157189 9.04056833659) 
2016-08-21,14.07,0, POINT (26.8655157189 9.04056833659) 
2016-08-22,14.5,0, POINT (26.8655157189 9.04056833659) 
2016-08-23,14.93,0, POINT (26.8655157189 9.04056833659) 
2016-08-24,15.37,0, POINT (26.8655157189 9.04056833659) 
2016-08-25,15.8,0, POINT (26.8655157189 9.04056833659) 
2016-08-26,16.23,0, POINT (26.8655157189 9.04056833659) 
2016-08-27,16.67,0, POINT (26.8655157189 9.04056833659) 
2016-08-28,17.1,0, POINT (26.8655157189 9.04056833659) 
2016-08-29,17.53,0, POINT (26.8655157189 9.04056833659) 
2016-08-30,17.97,0, POINT (26.8655157189 9.04056833659) 
2016-08-31,18.4,0, POINT (26.8655157189 9.04056833659) 
2016-09-01,18.83,0, POINT (26.8655157189 9.04056833659) 
2016-09-02,19.27,0, POINT (26.8655157189 9.04056833659) 
2016-09-03,19.7,0, POINT (26.8655157189 9.04056833659) 
2016-09-04,20.13,0, POINT (26.8655157189 9.04056833659) 
2016-09-05,20.57,0, POINT (26.8655157189 9.04056833659) 
2016-09-06,21.0,1, POINT (26.8655157189 9.04056833659) 
2016-09-07,19.8,0, POINT (26.8655157189 9.04056833659) 
2016-09-08,18.6,0, POINT (26.8655157189 9.04056833659) 
2016-09-09,17.4,0, POINT (26.8655157189 9.04056833659) 
2016-09-10,16.2,0, POINT (26.8655157189 9.04056833659) 
2016-09-11,15.0,0, POINT (26.8655157189 9.04056833659) 
2016-09-12,13.8,0, POINT (26.8655157189 9.04056833659) 
2016-09-13,12.6,0, POINT (26.8655157189 9.04056833659) 
2016-09-14,11.4,0, POINT (26.8655157189 9.04056833659) 
2016-09-15,10.2,0, POINT (26.8655157189 9.04056833659) 
2016-09-16,9.0,1, POINT (26.8655157189 9.04056833659) 
2016-09-17,8.7,0, POINT (26.8655157189 9.04056833659) 
2016-09-18,8.4,0, POINT (26.8655157189 9.04056833659) 
2016-09-19,8.1,0, POINT (26.8655157189 9.04056833659) 
2016-09-20,7.8,0, POINT (26.8655157189 9.04056833659) 
2016-09-21,7.5,0, POINT (26.8655157189 9.04056833659) 
2016-09-22,7.2,0, POINT (26.8655157189 9.04056833659) 
2016-09-23,6.9,0, POINT (26.8655157189 9.04056833659) 
2016-09-24,6.6,0, POINT (26.8655157189 9.04056833659) 
2016-09-25,6.3,0, POINT (26.8655157189 9.04056833659) 
2016-09-26,6.0,0, POINT (26.8655157189 9.04056833659) 
2016-09-27,5.7,0, POINT (26.8655157189 9.04056833659) 
2016-09-28,5.4,0, POINT (26.8655157189 9.04056833659) 
2016-09-29,5.1,0, POINT (26.8655157189 9.04056833659) 
2016-09-30,4.8,0, POINT (26.8655157189 9.04056833659) 
2016-10-01,4.5,0, POINT (26.8655157189 9.04056833659) 
2016-10-02,4.2,0, POINT (26.8655157189 9.04056833659) 
2016-10-03,3.9,0, POINT (26.8655157189 9.04056833659) 
2016-10-04,3.6,0, POINT (26.8655157189 9.04056833659) 
2016-10-05,3.3,0, POINT (26.8655157189 9.04056833659) 
2016-10-06,3.0,0, POINT (26.8655157189 9.04056833659) 
2016-10-07,2.7,0, POINT (26.8655157189 9.04056833659) 
2016-10-08,2.4,0, POINT (26.8655157189 9.04056833659) 
2016-10-09,2.1,0, POINT (26.8655157189 9.04056833659) 
2016-10-10,1.8,0, POINT (26.8655157189 9.04056833659) 
2016-10-11,1.5,0, POINT (26.8655157189 9.04056833659) 
2016-10-12,1.2,0, POINT (26.8655157189 9.04056833659) 
2016-10-13,0.9,0, POINT (26.8655157189 9.04056833659) 
2016-10-14,0.6,0, POINT (26.8655157189 9.04056833659) 
2016-10-15,0.3,0, POINT (26.8655157189 9.04056833659) 
2016-10-16,0.0,1, POINT (26.8655157189 9.04056833659) 
2016-10-17,0.88,0, POINT (26.8655157189 9.04056833659) 
2016-10-18,1.75,0, POINT (26.8655157189 9.04056833659) 
2016-10-19,2.63,0, POINT (26.8655157189 9.04056833659) 
2016-10-20,3.5,0, POINT (26.8655157189 9.04056833659) 
2016-10-21,4.38,0, POINT (26.8655157189 9.04056833659) 
2016-10-22,5.25,0, POINT (26.8655157189 9.04056833659) 
2016-10-23,6.13,0, POINT (26.8655157189 9.04056833659) 
2016-10-24,7.0,1, POINT (26.8655157189 9.04056833659) 
2016-10-25,7.0,0, POINT (26.8655157189 9.04056833659) 
2016-10-26,7.0,0, POINT (26.8655157189 9.04056833659) 
2016-10-27,7.0,0, POINT (26.8655157189 9.04056833659) 
2016-10-28,7.0,0, POINT (26.8655157189 9.04056833659) 
2016-10-29,7.0,0, POINT (26.8655157189 9.04056833659) 
2016-10-30,7.0,0, POINT (26.8655157189 9.04056833659) 
2016-10-31,7.0,0, POINT (26.8655157189 9.04056833659) 
2016-11-01,7.0,0, POINT (26.8655157189 9.04056833659) 
2016-11-02,7.0,0, POINT (26.8655157189 9.04056833659) 
2016-11-03,7.0,0, POINT (26.8655157189 9.04056833659) 
2016-11-04,7.0,0, POINT (26.8655157189 9.04056833659) 
2016-11-05,7.0,1, POINT (26.8655157189 9.04056833659) 
2016-11-06,6.92,0, POINT (26.8655157189 9.04056833659) 
2016-11-07,6.83,0, POINT (26.8655157189 9.04056833659) 
2016-11-08,6.75,0, POINT (26.8655157189 9.04056833659) 
2016-11-09,6.67,0, POINT (26.8655157189 9.04056833659) 
2016-11-10,6.58,0, POINT (26.8655157189 9.04056833659) 
2016-11-11,6.5,0, POINT (26.8655157189 9.04056833659) 
2016-11-12,6.42,0, POINT (26.8655157189 9.04056833659) 
2016-11-13,6.33,0, POINT (26.8655157189 9.04056833659) 
2016-11-14,6.25,0, POINT (26.8655157189 9.04056833659) 
2016-11-15,6.17,0, POINT (26.8655157189 9.04056833659) 
2016-11-16,6.08,0, POINT (26.8655157189 9.04056833659) 
2016-11-17,6.0,1, POINT (26.8655157189 9.04056833659) 
2016-11-18,5.88,0, POINT (26.8655157189 9.04056833659) 
2016-11-19,5.75,0, POINT (26.8655157189 9.04056833659) 
2016-11-20,5.63,0, POINT (26.8655157189 9.04056833659) 
2016-11-21,5.5,0, POINT (26.8655157189 9.04056833659) 
2016-11-22,5.38,0, POINT (26.8655157189 9.04056833659) 
2016-11-23,5.25,0, POINT (26.8655157189 9.04056833659) 
2016-11-24,5.13,0, POINT (26.8655157189 9.04056833659) 
2016-11-25,5.0,1, POINT (26.8655157189 9.04056833659) 
2016-11-26,4.5,0, POINT (26.8655157189 9.04056833659) 
2016-11-27,4.0,0, POINT (26.8655157189 9.04056833659) 
2016-11-28,3.5,0, POINT (26.8655157189 9.04056833659) 
2016-11-29,3.0,1, POINT (26.8655157189 9.04056833659) 
2016-11-30,3.17,0, POINT (26.8655157189 9.04056833659) 
2016-12-01,3.33,0, POINT (26.8655157189 9.04056833659) 
2016-12-02,3.5,0, POINT (26.8655157189 9.04056833659) 
2016-12-03,3.67,0, POINT (26.8655157189 9.04056833659) 
2016-12-04,3.83,0, POINT (26.8655157189 9.04056833659) 
2016-12-05,4.0,1, POINT (26.8655157189 9.04056833659) 
2016-12-06,3.83,0, POINT (26.8655157189 9.04056833659) 
2016-12-07,3.67,0, POINT (26.8655157189 9.04056833659) 
2016-12-08,3.5,0, POINT (26.8655157189 9.04056833659) 
2016-12-09,3.33,0, POINT (26.8655157189 9.04056833659) 
2016-12-10,3.17,0, POINT (26.8655157189 9.04056833659) 
2016-12-11,3.0,1, POINT (26.8655157189 9.04056833659) 
2016-12-12,3.0,0, POINT (26.8655157189 9.04056833659) 
2016-12-13,3.0,0, POINT (26.8655157189 9.04056833659) 
2016-12-14,3.0,0, POINT (26.8655157189 9.04056833659) 
2016-12-15,3.0,1, POINT (26.8655157189 9.04056833659) 
2016-12-16,3.13,0, POINT (26.8655157189 9.04056833659) 
2016-12-17,3.25,0, POINT (26.8655157189 9.04056833659) 
2016-12-18,3.38,0, POINT (26.8655157189 9.04056833659) 
2016-12-19,3.5,0, POINT (26.8655157189 9.04056833659) 
2016-12-20,3.63,0, POINT (26.8655157189 9.04056833659) 
2016-12-21,3.75,0, POINT (26.8655157189 9.04056833659) 
2016-12-22,3.88,0, POINT (26.8655157189 9.04056833659) 
2016-12-23,4.0,1, POINT (26.8655157189 9.04056833659) 
2016-12-24,3.5,0, POINT (26.8655157189 9.04056833659) 
2016-12-25,3.0,1, POINT (26.8655157189 9.04056833659) 
2016-12-26,2.9,0, POINT (26.8655157189 9.04056833659) 
2016-12-27,2.8,0, POINT (26.8655157189 9.04056833659) 
2016-12-28,2.7,0, POINT (26.8655157189 9.04056833659) 
2016-12-29,2.6,0, POINT (26.8655157189 9.04056833659) 
2016-12-30,2.5,0, POINT (26.8655157189 9.04056833659) 
2016-12-31,2.4,0, POINT (26.8655157189 9.04056833659) 
2017-01-01,2.3,0, POINT (26.8655157189 9.04056833659) 
2017-01-02,2.2,0, POINT (26.8655157189 9.04056833659) 
2017-01-03,2.1,0, POINT (26.8655157189 9.04056833659) 
2017-01-04,2.0,1, POINT (26.8655157189 9.04056833659) 
2017-01-05,2.0,0, POINT (26.8655157189 9.04056833659) 
2017-01-06,2.0,0, POINT (26.8655157189 9.04056833659) 
2017-01-07,2.0,0, POINT (26.8655157189 9.04056833659) 
2017-01-08,2.0,0, POINT (26.8655157189 9.04056833659) 
2017-01-09,2.0,0, POINT (26.8655157189 9.04056833659) 
2017-01-10,2.0,0, POINT (26.8655157189 9.04056833659) 
2017-01-11,2.0,0, POINT (26.8655157189 9.04056833659) 
2017-01-12,2.0,0, POINT (26.8655157189 9.04056833659) 
2017-01-13,2.0,0, POINT (26.8655157189 9.04056833659) 
2017-01-14,2.0,1, POINT (26.8655157189 9.04056833659) 
2017-01-15,2.0,0, POINT (26.8655157189 9.04056833659) 
2017-01-16,2.0,1, POINT (26.8655157189 9.04056833659) 
2017-01-17,2.0,0, POINT (26.8655157189 9.04056833659) 
2017-01-18,2.0,0, POINT (26.8655157189 9.04056833659) 
2017-01-19,2.0,0, POINT (26.8655157189 9.04056833659) 
2017-01-20,2.0,0, POINT (26.8655157189 9.04056833659) 
2017-01-21,2.0,0, POINT (26.8655157189 9.04056833659) 
2017-01-22,2.0,0, POINT (26.8655157189 9.04056833659) 
2017-01-23,2.0,0, POINT (26.8655157189 9.04056833659) 
2017-01-24,2.0,1, POINT (26.8655157189 9.04056833659) 
2017-01-25,2.5,0, POINT (26.8655157189 9.04056833659) 
2017-01-26,3.0,0, POINT (26.8655157189 9.04056833659) 
2017-01-27,3.5,0, POINT (26.8655157189 9.04056833659) 
2017-01-28,4.0,1, POINT (26.8655157189 9.04056833659) 
2017-01-29,3.67,0, POINT (26.8655157189 9.04056833659) 
2017-01-30,3.33,0, POINT (26.8655157189 9.04056833659) 
2017-01-31,3.0,0, POINT (26.8655157189 9.04056833659) 
2017-02-01,2.67,0, POINT (26.8655157189 9.04056833659) 
2017-02-02,2.33,0, POINT (26.8655157189 9.04056833659) 
2017-02-03,2.0,1, POINT (26.8655157189 9.04056833659) 
2017-02-04,1.67,0, POINT (26.8655157189 9.04056833659) 
2017-02-05,1.33,0, POINT (26.8655157189 9.04056833659) 
2017-02-06,1.0,0, POINT (26.8655157189 9.04056833659) 
2017-02-07,0.67,0, POINT (26.8655157189 9.04056833659) 
2017-02-08,0.33,0, POINT (26.8655157189 9.04056833659) 
2017-02-09,0.0,1, POINT (26.8655157189 9.04056833659) 
2017-02-10,0.5,0, POINT (26.8655157189 9.04056833659) 
2017-02-11,1.0,0, POINT (26.8655157189 9.04056833659) 
2017-02-12,1.5,0, POINT (26.8655157189 9.04056833659) 
2017-02-13,2.0,1, POINT (26.8655157189 9.04056833659) 
2017-02-14,1.75,0, POINT (26.8655157189 9.04056833659) 
2017-02-15,1.5,0, POINT (26.8655157189 9.04056833659) 
2017-02-16,1.25,0, POINT (26.8655157189 9.04056833659) 
2017-02-17,1.0,0, POINT (26.8655157189 9.04056833659) 
2017-02-18,0.75,0, POINT (26.8655157189 9.04056833659) 
2017-02-19,0.5,0, POINT (26.8655157189 9.04056833659) 
2017-02-20,0.25,0, POINT (26.8655157189 9.04056833659) 
2017-02-21,0.0,1, POINT (26.8655157189 9.04056833659) 
2017-02-22,1.0,0, POINT (26.8655157189 9.04056833659) 
2017-02-23,2.0,1, POINT (26.8655157189 9.04056833659) 
2017-02-24,1.9,0, POINT (26.8655157189 9.04056833659) 
2017-02-25,1.8,0, POINT (26.8655157189 9.04056833659) 
2017-02-26,1.7,0, POINT (26.8655157189 9.04056833659) 
2017-02-27,1.6,0, POINT (26.8655157189 9.04056833659) 
2017-02-28,1.5,0, POINT (26.8655157189 9.04056833659) 
2017-03-01,1.4,0, POINT (26.8655157189 9.04056833659) 
2017-03-02,1.3,0, POINT (26.8655157189 9.04056833659) 
2017-03-03,1.2,0, POINT (26.8655157189 9.04056833659) 
2017-03-04,1.1,0, POINT (26.8655157189 9.04056833659) 
2017-03-05,1.0,1, POINT (26.8655157189 9.04056833659) 
2017-03-06,1.0,0, POINT (26.8655157189 9.04056833659) 
2017-03-07,1.0,0, POINT (26.8655157189 9.04056833659) 
2017-03-08,1.0,0, POINT (26.8655157189 9.04056833659) 
2017-03-09,1.0,0, POINT (26.8655157189 9.04056833659) 
2017-03-10,1.0,0, POINT (26.8655157189 9.04056833659) 
2017-03-11,1.0,0, POINT (26.8655157189 9.04056833659) 
2017-03-12,1.0,0, POINT (26.8655157189 9.04056833659) 
2017-03-13,1.0,0, POINT (26.8655157189 9.04056833659) 
2017-03-14,1.0,0, POINT (26.8655157189 9.04056833659) 
2017-03-15,1.0,1, POINT (26.8655157189 9.04056833659) 
2017-03-16,1.0,0, POINT (26.8655157189 9.04056833659) 
2017-03-17,1.0,1, POINT (26.8655157189 9.04056833659) 
2017-03-18,1.0,0, POINT (26.8655157189 9.04056833659) 
2017-03-19,1.0,0, POINT (26.8655157189 9.04056833659) 
2017-03-20,1.0,0, POINT (26.8655157189 9.04056833659) 
2017-03-21,1.0,0, POINT (26.8655157189 9.04056833659) 
2017-03-22,1.0,0, POINT (26.8655157189 9.04056833659) 
2017-03-23,1.0,0, POINT (26.8655157189 9.04056833659) 
2017-03-24,1.0,0, POINT (26.8655157189 9.04056833659) 
2017-03-25,1.0,0, POINT (26.8655157189 9.04056833659) 
2017-03-26,1.0,0, POINT (26.8655157189 9.04056833659) 
2017-03-27,1.0,0, POINT (26.8655157189 9.04056833659) 
2017-03-28,1.0,0, POINT (26.8655157189 9.04056833659) 
2017-03-29,1.0,1, POINT (26.8655157189 9.04056833659) 
2017-03-30,1.0,0, POINT (26.8655157189 9.04056833659) 
2017-03-31,1.0,0, POINT (26.8655157189 9.04056833659) 
2016-01-01,3.0,0, POINT (26.8662439843 9.040839765) 
2016-01-02,3.0,0, POINT (26.8662439843 9.040839765) 
2016-01-03,3.0,0, POINT (26.8662439843 9.040839765) 
2016-01-04,3.0,0, POINT (26.8662439843 9.040839765) 
2016-01-05,3.0,0, POINT (26.8662439843 9.040839765) 
2016-01-06,3.0,0, POINT (26.8662439843 9.040839765) 
2016-01-07,3.0,0, POINT (26.8662439843 9.040839765) 
2016-01-08,3.0,0, POINT (26.8662439843 9.040839765) 
2016-01-09,3.0,0, POINT (26.8662439843 9.040839765) 
2016-01-10,3.0,0, POINT (26.8662439843 9.040839765) 
2016-01-11,3.0,0, POINT (26.8662439843 9.040839765) 
2016-01-12,3.0,0, POINT (26.8662439843 9.040839765) 
2016-01-13,3.0,0, POINT (26.8662439843 9.040839765) 
2016-01-14,3.0,0, POINT (26.8662439843 9.040839765) 
2016-01-15,3.0,0, POINT (26.8662439843 9.040839765) 
2016-01-16,3.0,0, POINT (26.8662439843 9.040839765) 
2016-01-17,3.0,0, POINT (26.8662439843 9.040839765) 
2016-01-18,3.0,0, POINT (26.8662439843 9.040839765) 
2016-01-19,3.0,0, POINT (26.8662439843 9.040839765) 
2016-01-20,3.0,1, POINT (26.8662439843 9.040839765) 
2016-01-21,2.88,0, POINT (26.8662439843 9.040839765) 
2016-01-22,2.75,0, POINT (26.8662439843 9.040839765) 
2016-01-23,2.63,0, POINT (26.8662439843 9.040839765) 
2016-01-24,2.5,0, POINT (26.8662439843 9.040839765) 
2016-01-25,2.38,0, POINT (26.8662439843 9.040839765) 
2016-01-26,2.25,0, POINT (26.8662439843 9.040839765) 
2016-01-27,2.13,0, POINT (26.8662439843 9.040839765) 
2016-01-28,2.0,1, POINT (26.8662439843 9.040839765) 
2016-01-29,2.5,0, POINT (26.8662439843 9.040839765) 
2016-01-30,3.0,1, POINT (26.8662439843 9.040839765) 
2016-01-31,2.9,0, POINT (26.8662439843 9.040839765) 
2016-02-01,2.8,0, POINT (26.8662439843 9.040839765) 
2016-02-02,2.7,0, POINT (26.8662439843 9.040839765) 
2016-02-03,2.6,0, POINT (26.8662439843 9.040839765) 
2016-02-04,2.5,0, POINT (26.8662439843 9.040839765) 
2016-02-05,2.4,0, POINT (26.8662439843 9.040839765) 
2016-02-06,2.3,0, POINT (26.8662439843 9.040839765) 
2016-02-07,2.2,0, POINT (26.8662439843 9.040839765) 
2016-02-08,2.1,0, POINT (26.8662439843 9.040839765) 
2016-02-09,2.0,1, POINT (26.8662439843 9.040839765) 
2016-02-10,1.9,0, POINT (26.8662439843 9.040839765) 
2016-02-11,1.8,0, POINT (26.8662439843 9.040839765) 
2016-02-12,1.7,0, POINT (26.8662439843 9.040839765) 
2016-02-13,1.6,0, POINT (26.8662439843 9.040839765) 
2016-02-14,1.5,0, POINT (26.8662439843 9.040839765) 
2016-02-15,1.4,0, POINT (26.8662439843 9.040839765) 
2016-02-16,1.3,0, POINT (26.8662439843 9.040839765) 
2016-02-17,1.2,0, POINT (26.8662439843 9.040839765) 
2016-02-18,1.1,0, POINT (26.8662439843 9.040839765) 
2016-02-19,1.0,1, POINT (26.8662439843 9.040839765) 
2016-02-20,0.97,0, POINT (26.8662439843 9.040839765) 
2016-02-21,0.93,0, POINT (26.8662439843 9.040839765) 
2016-02-22,0.9,0, POINT (26.8662439843 9.040839765) 
2016-02-23,0.87,0, POINT (26.8662439843 9.040839765) 
2016-02-24,0.83,0, POINT (26.8662439843 9.040839765) 
2016-02-25,0.8,0, POINT (26.8662439843 9.040839765) 
2016-02-26,0.77,0, POINT (26.8662439843 9.040839765) 
2016-02-27,0.73,0, POINT (26.8662439843 9.040839765) 
2016-02-28,0.7,0, POINT (26.8662439843 9.040839765) 
2016-02-29,0.67,0, POINT (26.8662439843 9.040839765) 
2016-03-01,0.63,0, POINT (26.8662439843 9.040839765) 
2016-03-02,0.6,0, POINT (26.8662439843 9.040839765) 
2016-03-03,0.57,0, POINT (26.8662439843 9.040839765) 
2016-03-04,0.53,0, POINT (26.8662439843 9.040839765) 
2016-03-05,0.5,0, POINT (26.8662439843 9.040839765) 
2016-03-06,0.47,0, POINT (26.8662439843 9.040839765) 
2016-03-07,0.43,0, POINT (26.8662439843 9.040839765) 
2016-03-08,0.4,0, POINT (26.8662439843 9.040839765) 
2016-03-09,0.37,0, POINT (26.8662439843 9.040839765) 
2016-03-10,0.33,0, POINT (26.8662439843 9.040839765) 
2016-03-11,0.3,0, POINT (26.8662439843 9.040839765) 
2016-03-12,0.27,0, POINT (26.8662439843 9.040839765) 
2016-03-13,0.23,0, POINT (26.8662439843 9.040839765) 
2016-03-14,0.2,0, POINT (26.8662439843 9.040839765) 
2016-03-15,0.17,0, POINT (26.8662439843 9.040839765) 
2016-03-16,0.13,0, POINT (26.8662439843 9.040839765) 
2016-03-17,0.1,0, POINT (26.8662439843 9.040839765) 
2016-03-18,0.07,0, POINT (26.8662439843 9.040839765) 
2016-03-19,0.03,0, POINT (26.8662439843 9.040839765) 
2016-03-20,0.0,1, POINT (26.8662439843 9.040839765) 
2016-03-21,0.0,0, POINT (26.8662439843 9.040839765) 
2016-03-22,0.0,0, POINT (26.8662439843 9.040839765) 
2016-03-23,0.0,0, POINT (26.8662439843 9.040839765) 
2016-03-24,0.0,0, POINT (26.8662439843 9.040839765) 
2016-03-25,0.0,0, POINT (26.8662439843 9.040839765) 
2016-03-26,0.0,0, POINT (26.8662439843 9.040839765) 
2016-03-27,0.0,0, POINT (26.8662439843 9.040839765) 
2016-03-28,0.0,0, POINT (26.8662439843 9.040839765) 
2016-03-29,0.0,0, POINT (26.8662439843 9.040839765) 
2016-03-30,0.0,1, POINT (26.8662439843 9.040839765) 
2016-03-31,0.0,0, POINT (26.8662439843 9.040839765) 
2016-04-01,0.0,0, POINT (26.8662439843 9.040839765) 
2016-04-02,0.0,0, POINT (26.8662439843 9.040839765) 
2016-04-03,0.0,0, POINT (26.8662439843 9.040839765) 
2016-04-04,0.0,0, POINT (26.8662439843 9.040839765) 
2016-04-05,0.0,0, POINT (26.8662439843 9.040839765) 
2016-04-06,0.0,0, POINT (26.8662439843 9.040839765) 
2016-04-07,0.0,0, POINT (26.8662439843 9.040839765) 
2016-04-08,0.0,0, POINT (26.8662439843 9.040839765) 
2016-04-09,0.0,1, POINT (26.8662439843 9.040839765) 
2016-04-10,0.0,0, POINT (26.8662439843 9.040839765) 
2016-04-11,0.0,0, POINT (26.8662439843 9.040839765) 
2016-04-12,0.0,0, POINT (26.8662439843 9.040839765) 
2016-04-13,0.0,0, POINT (26.8662439843 9.040839765) 
2016-04-14,0.0,0, POINT (26.8662439843 9.040839765) 
2016-04-15,0.0,0, POINT (26.8662439843 9.040839765) 
2016-04-16,0.0,0, POINT (26.8662439843 9.040839765) 
2016-04-17,0.0,0, POINT (26.8662439843 9.040839765) 
2016-04-18,0.0,0, POINT (26.8662439843 9.040839765) 
2016-04-19,0.0,0, POINT (26.8662439843 9.040839765) 
2016-04-20,0.0,0, POINT (26.8662439843 9.040839765) 
2016-04-21,0.0,0, POINT (26.8662439843 9.040839765) 
2016-04-22,0.0,0, POINT (26.8662439843 9.040839765) 
2016-04-23,0.0,0, POINT (26.8662439843 9.040839765) 
2016-04-24,0.0,0, POINT (26.8662439843 9.040839765) 
2016-04-25,0.0,0, POINT (26.8662439843 9.040839765) 
2016-04-26,0.0,0, POINT (26.8662439843 9.040839765) 
2016-04-27,0.0,0, POINT (26.8662439843 9.040839765) 
2016-04-28,0.0,0, POINT (26.8662439843 9.040839765) 
2016-04-29,0.0,1, POINT (26.8662439843 9.040839765) 
2016-04-30,0.0,0, POINT (26.8662439843 9.040839765) 
2016-05-01,0.0,0, POINT (26.8662439843 9.040839765) 
2016-05-02,0.0,0, POINT (26.8662439843 9.040839765) 
2016-05-03,0.0,0, POINT (26.8662439843 9.040839765) 
2016-05-04,0.0,0, POINT (26.8662439843 9.040839765) 
2016-05-05,0.0,0, POINT (26.8662439843 9.040839765) 
2016-05-06,0.0,0, POINT (26.8662439843 9.040839765) 
2016-05-07,0.0,0, POINT (26.8662439843 9.040839765) 
2016-05-08,0.0,0, POINT (26.8662439843 9.040839765) 
2016-05-09,0.0,0, POINT (26.8662439843 9.040839765) 
2016-05-10,0.0,0, POINT (26.8662439843 9.040839765) 
2016-05-11,0.0,0, POINT (26.8662439843 9.040839765) 
2016-05-12,0.0,0, POINT (26.8662439843 9.040839765) 
2016-05-13,0.0,0, POINT (26.8662439843 9.040839765) 
2016-05-14,0.0,0, POINT (26.8662439843 9.040839765) 
2016-05-15,0.0,0, POINT (26.8662439843 9.040839765) 
2016-05-16,0.0,0, POINT (26.8662439843 9.040839765) 
2016-05-17,0.0,0, POINT (26.8662439843 9.040839765) 
2016-05-18,0.0,0, POINT (26.8662439843 9.040839765) 
2016-05-19,0.0,1, POINT (26.8662439843 9.040839765) 
2016-05-20,0.1,0, POINT (26.8662439843 9.040839765) 
2016-05-21,0.2,0, POINT (26.8662439843 9.040839765) 
2016-05-22,0.3,0, POINT (26.8662439843 9.040839765) 
2016-05-23,0.4,0, POINT (26.8662439843 9.040839765) 
2016-05-24,0.5,0, POINT (26.8662439843 9.040839765) 
2016-05-25,0.6,0, POINT (26.8662439843 9.040839765) 
2016-05-26,0.7,0, POINT (26.8662439843 9.040839765) 
2016-05-27,0.8,0, POINT (26.8662439843 9.040839765) 
2016-05-28,0.9,0, POINT (26.8662439843 9.040839765) 
2016-05-29,1.0,0, POINT (26.8662439843 9.040839765) 
2016-05-30,1.1,0, POINT (26.8662439843 9.040839765) 
2016-05-31,1.2,0, POINT (26.8662439843 9.040839765) 
2016-06-01,1.3,0, POINT (26.8662439843 9.040839765) 
2016-06-02,1.4,0, POINT (26.8662439843 9.040839765) 
2016-06-03,1.5,0, POINT (26.8662439843 9.040839765) 
2016-06-04,1.6,0, POINT (26.8662439843 9.040839765) 
2016-06-05,1.7,0, POINT (26.8662439843 9.040839765) 
2016-06-06,1.8,0, POINT (26.8662439843 9.040839765) 
2016-06-07,1.9,0, POINT (26.8662439843 9.040839765) 
2016-06-08,2.0,0, POINT (26.8662439843 9.040839765) 
2016-06-09,2.1,0, POINT (26.8662439843 9.040839765) 
2016-06-10,2.2,0, POINT (26.8662439843 9.040839765) 
2016-06-11,2.3,0, POINT (26.8662439843 9.040839765) 
2016-06-12,2.4,0, POINT (26.8662439843 9.040839765) 
2016-06-13,2.5,0, POINT (26.8662439843 9.040839765) 
2016-06-14,2.6,0, POINT (26.8662439843 9.040839765) 
2016-06-15,2.7,0, POINT (26.8662439843 9.040839765) 
2016-06-16,2.8,0, POINT (26.8662439843 9.040839765) 
2016-06-17,2.9,0, POINT (26.8662439843 9.040839765) 
2016-06-18,3.0,1, POINT (26.8662439843 9.040839765) 
2016-06-19,3.07,0, POINT (26.8662439843 9.040839765) 
2016-06-20,3.14,0, POINT (26.8662439843 9.040839765) 
2016-06-21,3.21,0, POINT (26.8662439843 9.040839765) 
2016-06-22,3.29,0, POINT (26.8662439843 9.040839765) 
2016-06-23,3.36,0, POINT (26.8662439843 9.040839765) 
2016-06-24,3.43,0, POINT (26.8662439843 9.040839765) 
2016-06-25,3.5,0, POINT (26.8662439843 9.040839765) 
2016-06-26,3.57,0, POINT (26.8662439843 9.040839765) 
2016-06-27,3.64,0, POINT (26.8662439843 9.040839765) 
2016-06-28,3.71,0, POINT (26.8662439843 9.040839765) 
2016-06-29,3.79,0, POINT (26.8662439843 9.040839765) 
2016-06-30,3.86,0, POINT (26.8662439843 9.040839765) 
2016-07-01,3.93,0, POINT (26.8662439843 9.040839765) 
2016-07-02,4.0,1, POINT (26.8662439843 9.040839765) 
2016-07-03,4.04,0, POINT (26.8662439843 9.040839765) 
2016-07-04,4.08,0, POINT (26.8662439843 9.040839765) 
2016-07-05,4.13,0, POINT (26.8662439843 9.040839765) 
2016-07-06,4.17,0, POINT (26.8662439843 9.040839765) 
2016-07-07,4.21,0, POINT (26.8662439843 9.040839765) 
2016-07-08,4.25,0, POINT (26.8662439843 9.040839765) 
2016-07-09,4.29,0, POINT (26.8662439843 9.040839765) 
2016-07-10,4.33,0, POINT (26.8662439843 9.040839765) 
2016-07-11,4.38,0, POINT (26.8662439843 9.040839765) 
2016-07-12,4.42,0, POINT (26.8662439843 9.040839765) 
2016-07-13,4.46,0, POINT (26.8662439843 9.040839765) 
2016-07-14,4.5,0, POINT (26.8662439843 9.040839765) 
2016-07-15,4.54,0, POINT (26.8662439843 9.040839765) 
2016-07-16,4.58,0, POINT (26.8662439843 9.040839765) 
2016-07-17,4.63,0, POINT (26.8662439843 9.040839765) 
2016-07-18,4.67,0, POINT (26.8662439843 9.040839765) 
2016-07-19,4.71,0, POINT (26.8662439843 9.040839765) 
2016-07-20,4.75,0, POINT (26.8662439843 9.040839765) 
2016-07-21,4.79,0, POINT (26.8662439843 9.040839765) 
2016-07-22,4.83,0, POINT (26.8662439843 9.040839765) 
2016-07-23,4.88,0, POINT (26.8662439843 9.040839765) 
2016-07-24,4.92,0, POINT (26.8662439843 9.040839765) 
2016-07-25,4.96,0, POINT (26.8662439843 9.040839765) 
2016-07-26,5.0,1, POINT (26.8662439843 9.040839765) 
2016-07-27,4.5,0, POINT (26.8662439843 9.040839765) 
2016-07-28,4.0,1, POINT (26.8662439843 9.040839765) 
2016-07-29,4.1,0, POINT (26.8662439843 9.040839765) 
2016-07-30,4.2,0, POINT (26.8662439843 9.040839765) 
2016-07-31,4.3,0, POINT (26.8662439843 9.040839765) 
2016-08-01,4.4,0, POINT (26.8662439843 9.040839765) 
2016-08-02,4.5,0, POINT (26.8662439843 9.040839765) 
2016-08-03,4.6,0, POINT (26.8662439843 9.040839765) 
2016-08-04,4.7,0, POINT (26.8662439843 9.040839765) 
2016-08-05,4.8,0, POINT (26.8662439843 9.040839765) 
2016-08-06,4.9,0, POINT (26.8662439843 9.040839765) 
2016-08-07,5.0,1, POINT (26.8662439843 9.040839765) 
2016-08-08,5.37,0, POINT (26.8662439843 9.040839765) 
2016-08-09,5.73,0, POINT (26.8662439843 9.040839765) 
2016-08-10,6.1,0, POINT (26.8662439843 9.040839765) 
2016-08-11,6.47,0, POINT (26.8662439843 9.040839765) 
2016-08-12,6.83,0, POINT (26.8662439843 9.040839765) 
2016-08-13,7.2,0, POINT (26.8662439843 9.040839765) 
2016-08-14,7.57,0, POINT (26.8662439843 9.040839765) 
2016-08-15,7.93,0, POINT (26.8662439843 9.040839765) 
2016-08-16,8.3,0, POINT (26.8662439843 9.040839765) 
2016-08-17,8.67,0, POINT (26.8662439843 9.040839765) 
2016-08-18,9.03,0, POINT (26.8662439843 9.040839765) 
2016-08-19,9.4,0, POINT (26.8662439843 9.040839765) 
2016-08-20,9.77,0, POINT (26.8662439843 9.040839765) 
2016-08-21,10.13,0, POINT (26.8662439843 9.040839765) 
2016-08-22,10.5,0, POINT (26.8662439843 9.040839765) 
2016-08-23,10.87,0, POINT (26.8662439843 9.040839765) 
2016-08-24,11.23,0, POINT (26.8662439843 9.040839765) 
2016-08-25,11.6,0, POINT (26.8662439843 9.040839765) 
2016-08-26,11.97,0, POINT (26.8662439843 9.040839765) 
2016-08-27,12.33,0, POINT (26.8662439843 9.040839765) 
2016-08-28,12.7,0, POINT (26.8662439843 9.040839765) 
2016-08-29,13.07,0, POINT (26.8662439843 9.040839765) 
2016-08-30,13.43,0, POINT (26.8662439843 9.040839765) 
2016-08-31,13.8,0, POINT (26.8662439843 9.040839765) 
2016-09-01,14.17,0, POINT (26.8662439843 9.040839765) 
2016-09-02,14.53,0, POINT (26.8662439843 9.040839765) 
2016-09-03,14.9,0, POINT (26.8662439843 9.040839765) 
2016-09-04,15.27,0, POINT (26.8662439843 9.040839765) 
2016-09-05,15.63,0, POINT (26.8662439843 9.040839765) 
2016-09-06,16.0,1, POINT (26.8662439843 9.040839765) 
2016-09-07,15.0,0, POINT (26.8662439843 9.040839765) 
2016-09-08,14.0,0, POINT (26.8662439843 9.040839765) 
2016-09-09,13.0,0, POINT (26.8662439843 9.040839765) 
2016-09-10,12.0,0, POINT (26.8662439843 9.040839765) 
2016-09-11,11.0,0, POINT (26.8662439843 9.040839765) 
2016-09-12,10.0,0, POINT (26.8662439843 9.040839765) 
2016-09-13,9.0,0, POINT (26.8662439843 9.040839765) 
2016-09-14,8.0,0, POINT (26.8662439843 9.040839765) 
2016-09-15,7.0,0, POINT (26.8662439843 9.040839765) 
2016-09-16,6.0,1, POINT (26.8662439843 9.040839765) 
2016-09-17,5.8,0, POINT (26.8662439843 9.040839765) 
2016-09-18,5.6,0, POINT (26.8662439843 9.040839765) 
2016-09-19,5.4,0, POINT (26.8662439843 9.040839765) 
2016-09-20,5.2,0, POINT (26.8662439843 9.040839765) 
2016-09-21,5.0,0, POINT (26.8662439843 9.040839765) 
2016-09-22,4.8,0, POINT (26.8662439843 9.040839765) 
2016-09-23,4.6,0, POINT (26.8662439843 9.040839765) 
2016-09-24,4.4,0, POINT (26.8662439843 9.040839765) 
2016-09-25,4.2,0, POINT (26.8662439843 9.040839765) 
2016-09-26,4.0,0, POINT (26.8662439843 9.040839765) 
2016-09-27,3.8,0, POINT (26.8662439843 9.040839765) 
2016-09-28,3.6,0, POINT (26.8662439843 9.040839765) 
2016-09-29,3.4,0, POINT (26.8662439843 9.040839765) 
2016-09-30,3.2,0, POINT (26.8662439843 9.040839765) 
2016-10-01,3.0,0, POINT (26.8662439843 9.040839765) 
2016-10-02,2.8,0, POINT (26.8662439843 9.040839765) 
2016-10-03,2.6,0, POINT (26.8662439843 9.040839765) 
2016-10-04,2.4,0, POINT (26.8662439843 9.040839765) 
2016-10-05,2.2,0, POINT (26.8662439843 9.040839765) 
2016-10-06,2.0,0, POINT (26.8662439843 9.040839765) 
2016-10-07,1.8,0, POINT (26.8662439843 9.040839765) 
2016-10-08,1.6,0, POINT (26.8662439843 9.040839765) 
2016-10-09,1.4,0, POINT (26.8662439843 9.040839765) 
2016-10-10,1.2,0, POINT (26.8662439843 9.040839765) 
2016-10-11,1.0,0, POINT (26.8662439843 9.040839765) 
2016-10-12,0.8,0, POINT (26.8662439843 9.040839765) 
2016-10-13,0.6,0, POINT (26.8662439843 9.040839765) 
2016-10-14,0.4,0, POINT (26.8662439843 9.040839765) 
2016-10-15,0.2,0, POINT (26.8662439843 9.040839765) 
2016-10-16,0.0,1, POINT (26.8662439843 9.040839765) 
2016-10-17,0.5,0, POINT (26.8662439843 9.040839765) 
2016-10-18,1.0,0, POINT (26.8662439843 9.040839765) 
2016-10-19,1.5,0, POINT (26.8662439843 9.040839765) 
2016-10-20,2.0,0, POINT (26.8662439843 9.040839765) 
2016-10-21,2.5,0, POINT (26.8662439843 9.040839765) 
2016-10-22,3.0,0, POINT (26.8662439843 9.040839765) 
2016-10-23,3.5,0, POINT (26.8662439843 9.040839765) 
2016-10-24,4.0,1, POINT (26.8662439843 9.040839765) 
2016-10-25,4.08,0, POINT (26.8662439843 9.040839765) 
2016-10-26,4.17,0, POINT (26.8662439843 9.040839765) 
2016-10-27,4.25,0, POINT (26.8662439843 9.040839765) 
2016-10-28,4.33,0, POINT (26.8662439843 9.040839765) 
2016-10-29,4.42,0, POINT (26.8662439843 9.040839765) 
2016-10-30,4.5,0, POINT (26.8662439843 9.040839765) 
2016-10-31,4.58,0, POINT (26.8662439843 9.040839765) 
2016-11-01,4.67,0, POINT (26.8662439843 9.040839765) 
2016-11-02,4.75,0, POINT (26.8662439843 9.040839765) 
2016-11-03,4.83,0, POINT (26.8662439843 9.040839765) 
2016-11-04,4.92,0, POINT (26.8662439843 9.040839765) 
2016-11-05,5.0,1, POINT (26.8662439843 9.040839765) 
2016-11-06,4.92,0, POINT (26.8662439843 9.040839765) 
2016-11-07,4.83,0, POINT (26.8662439843 9.040839765) 
2016-11-08,4.75,0, POINT (26.8662439843 9.040839765) 
2016-11-09,4.67,0, POINT (26.8662439843 9.040839765) 
2016-11-10,4.58,0, POINT (26.8662439843 9.040839765) 
2016-11-11,4.5,0, POINT (26.8662439843 9.040839765) 
2016-11-12,4.42,0, POINT (26.8662439843 9.040839765) 
2016-11-13,4.33,0, POINT (26.8662439843 9.040839765) 
2016-11-14,4.25,0, POINT (26.8662439843 9.040839765) 
2016-11-15,4.17,0, POINT (26.8662439843 9.040839765) 
2016-11-16,4.08,0, POINT (26.8662439843 9.040839765) 
2016-11-17,4.0,1, POINT (26.8662439843 9.040839765) 
2016-11-18,4.0,0, POINT (26.8662439843 9.040839765) 
2016-11-19,4.0,0, POINT (26.8662439843 9.040839765) 
2016-11-20,4.0,0, POINT (26.8662439843 9.040839765) 
2016-11-21,4.0,0, POINT (26.8662439843 9.040839765) 
2016-11-22,4.0,0, POINT (26.8662439843 9.040839765) 
2016-11-23,4.0,0, POINT (26.8662439843 9.040839765) 
2016-11-24,4.0,0, POINT (26.8662439843 9.040839765) 
2016-11-25,4.0,1, POINT (26.8662439843 9.040839765) 
2016-11-26,3.75,0, POINT (26.8662439843 9.040839765) 
2016-11-27,3.5,0, POINT (26.8662439843 9.040839765) 
2016-11-28,3.25,0, POINT (26.8662439843 9.040839765) 
2016-11-29,3.0,1, POINT (26.8662439843 9.040839765) 
2016-11-30,3.17,0, POINT (26.8662439843 9.040839765) 
2016-12-01,3.33,0, POINT (26.8662439843 9.040839765) 
2016-12-02,3.5,0, POINT (26.8662439843 9.040839765) 
2016-12-03,3.67,0, POINT (26.8662439843 9.040839765) 
2016-12-04,3.83,0, POINT (26.8662439843 9.040839765) 
2016-12-05,4.0,1, POINT (26.8662439843 9.040839765) 
2016-12-06,3.83,0, POINT (26.8662439843 9.040839765) 
2016-12-07,3.67,0, POINT (26.8662439843 9.040839765) 
2016-12-08,3.5,0, POINT (26.8662439843 9.040839765) 
2016-12-09,3.33,0, POINT (26.8662439843 9.040839765) 
2016-12-10,3.17,0, POINT (26.8662439843 9.040839765) 
2016-12-11,3.0,1, POINT (26.8662439843 9.040839765) 
2016-12-12,3.25,0, POINT (26.8662439843 9.040839765) 
2016-12-13,3.5,0, POINT (26.8662439843 9.040839765) 
2016-12-14,3.75,0, POINT (26.8662439843 9.040839765) 
2016-12-15,4.0,1, POINT (26.8662439843 9.040839765) 
2016-12-16,3.88,0, POINT (26.8662439843 9.040839765) 
2016-12-17,3.75,0, POINT (26.8662439843 9.040839765) 
2016-12-18,3.63,0, POINT (26.8662439843 9.040839765) 
2016-12-19,3.5,0, POINT (26.8662439843 9.040839765) 
2016-12-20,3.38,0, POINT (26.8662439843 9.040839765) 
2016-12-21,3.25,0, POINT (26.8662439843 9.040839765) 
2016-12-22,3.13,0, POINT (26.8662439843 9.040839765) 
2016-12-23,3.0,1, POINT (26.8662439843 9.040839765) 
2016-12-24,3.0,0, POINT (26.8662439843 9.040839765) 
2016-12-25,3.0,1, POINT (26.8662439843 9.040839765) 
2016-12-26,2.9,0, POINT (26.8662439843 9.040839765) 
2016-12-27,2.8,0, POINT (26.8662439843 9.040839765) 
2016-12-28,2.7,0, POINT (26.8662439843 9.040839765) 
2016-12-29,2.6,0, POINT (26.8662439843 9.040839765) 
2016-12-30,2.5,0, POINT (26.8662439843 9.040839765) 
2016-12-31,2.4,0, POINT (26.8662439843 9.040839765) 
2017-01-01,2.3,0, POINT (26.8662439843 9.040839765) 
2017-01-02,2.2,0, POINT (26.8662439843 9.040839765) 
2017-01-03,2.1,0, POINT (26.8662439843 9.040839765) 
2017-01-04,2.0,1, POINT (26.8662439843 9.040839765) 
2017-01-05,2.0,0, POINT (26.8662439843 9.040839765) 
2017-01-06,2.0,0, POINT (26.8662439843 9.040839765) 
2017-01-07,2.0,0, POINT (26.8662439843 9.040839765) 
2017-01-08,2.0,0, POINT (26.8662439843 9.040839765) 
2017-01-09,2.0,0, POINT (26.8662439843 9.040839765) 
2017-01-10,2.0,0, POINT (26.8662439843 9.040839765) 
2017-01-11,2.0,0, POINT (26.8662439843 9.040839765) 
2017-01-12,2.0,0, POINT (26.8662439843 9.040839765) 
2017-01-13,2.0,0, POINT (26.8662439843 9.040839765) 
2017-01-14,2.0,1, POINT (26.8662439843 9.040839765) 
2017-01-15,2.0,0, POINT (26.8662439843 9.040839765) 
2017-01-16,2.0,1, POINT (26.8662439843 9.040839765) 
2017-01-17,2.0,0, POINT (26.8662439843 9.040839765) 
2017-01-18,2.0,0, POINT (26.8662439843 9.040839765) 
2017-01-19,2.0,0, POINT (26.8662439843 9.040839765) 
2017-01-20,2.0,0, POINT (26.8662439843 9.040839765) 
2017-01-21,2.0,0, POINT (26.8662439843 9.040839765) 
2017-01-22,2.0,0, POINT (26.8662439843 9.040839765) 
2017-01-23,2.0,0, POINT (26.8662439843 9.040839765) 
2017-01-24,2.0,1, POINT (26.8662439843 9.040839765) 
2017-01-25,1.5,0, POINT (26.8662439843 9.040839765) 
2017-01-26,1.0,0, POINT (26.8662439843 9.040839765) 
2017-01-27,0.5,0, POINT (26.8662439843 9.040839765) 
2017-01-28,0.0,1, POINT (26.8662439843 9.040839765) 
2017-01-29,0.0,0, POINT (26.8662439843 9.040839765) 
2017-01-30,0.0,0, POINT (26.8662439843 9.040839765) 
2017-01-31,0.0,0, POINT (26.8662439843 9.040839765) 
2017-02-01,0.0,0, POINT (26.8662439843 9.040839765) 
2017-02-02,0.0,0, POINT (26.8662439843 9.040839765) 
2017-02-03,0.0,1, POINT (26.8662439843 9.040839765) 
2017-02-04,0.0,0, POINT (26.8662439843 9.040839765) 
2017-02-05,0.0,0, POINT (26.8662439843 9.040839765) 
2017-02-06,0.0,0, POINT (26.8662439843 9.040839765) 
2017-02-07,0.0,0, POINT (26.8662439843 9.040839765) 
2017-02-08,0.0,0, POINT (26.8662439843 9.040839765) 
2017-02-09,0.0,1, POINT (26.8662439843 9.040839765) 
2017-02-10,0.25,0, POINT (26.8662439843 9.040839765) 
2017-02-11,0.5,0, POINT (26.8662439843 9.040839765) 
2017-02-12,0.75,0, POINT (26.8662439843 9.040839765) 
2017-02-13,1.0,1, POINT (26.8662439843 9.040839765) 
2017-02-14,0.88,0, POINT (26.8662439843 9.040839765) 
2017-02-15,0.75,0, POINT (26.8662439843 9.040839765) 
2017-02-16,0.63,0, POINT (26.8662439843 9.040839765) 
2017-02-17,0.5,0, POINT (26.8662439843 9.040839765) 
2017-02-18,0.38,0, POINT (26.8662439843 9.040839765) 
2017-02-19,0.25,0, POINT (26.8662439843 9.040839765) 
2017-02-20,0.13,0, POINT (26.8662439843 9.040839765) 
2017-02-21,0.0,1, POINT (26.8662439843 9.040839765) 
2017-02-22,0.5,0, POINT (26.8662439843 9.040839765) 
2017-02-23,1.0,1, POINT (26.8662439843 9.040839765) 
2017-02-24,0.9,0, POINT (26.8662439843 9.040839765) 
2017-02-25,0.8,0, POINT (26.8662439843 9.040839765) 
2017-02-26,0.7,0, POINT (26.8662439843 9.040839765) 
2017-02-27,0.6,0, POINT (26.8662439843 9.040839765) 
2017-02-28,0.5,0, POINT (26.8662439843 9.040839765) 
2017-03-01,0.4,0, POINT (26.8662439843 9.040839765) 
2017-03-02,0.3,0, POINT (26.8662439843 9.040839765) 
2017-03-03,0.2,0, POINT (26.8662439843 9.040839765) 
2017-03-04,0.1,0, POINT (26.8662439843 9.040839765) 
2017-03-05,0.0,1, POINT (26.8662439843 9.040839765) 
2017-03-06,0.0,0, POINT (26.8662439843 9.040839765) 
2017-03-07,0.0,0, POINT (26.8662439843 9.040839765) 
2017-03-08,0.0,0, POINT (26.8662439843 9.040839765) 
2017-03-09,0.0,0, POINT (26.8662439843 9.040839765) 
2017-03-10,0.0,0, POINT (26.8662439843 9.040839765) 
2017-03-11,0.0,0, POINT (26.8662439843 9.040839765) 
2017-03-12,0.0,0, POINT (26.8662439843 9.040839765) 
2017-03-13,0.0,0, POINT (26.8662439843 9.040839765) 
2017-03-14,0.0,0, POINT (26.8662439843 9.040839765) 
2017-03-15,0.0,1, POINT (26.8662439843 9.040839765) 
2017-03-16,0.0,0, POINT (26.8662439843 9.040839765) 
2017-03-17,0.0,1, POINT (26.8662439843 9.040839765) 
2017-03-18,0.0,0, POINT (26.8662439843 9.040839765) 
2017-03-19,0.0,0, POINT (26.8662439843 9.040839765) 
2017-03-20,0.0,0, POINT (26.8662439843 9.040839765) 
2017-03-21,0.0,0, POINT (26.8662439843 9.040839765) 
2017-03-22,0.0,0, POINT (26.8662439843 9.040839765) 
2017-03-23,0.0,0, POINT (26.8662439843 9.040839765) 
2017-03-24,0.0,0, POINT (26.8662439843 9.040839765) 
2017-03-25,0.0,0, POINT (26.8662439843 9.040839765) 
2017-03-26,0.0,0, POINT (26.8662439843 9.040839765) 
2017-03-27,0.0,0, POINT (26.8662439843 9.040839765) 
2017-03-28,0.0,0, POINT (26.8662439843 9.040839765) 
2017-03-29,0.0,1, POINT (26.8662439843 9.040839765) 
2017-03-30,0.0,0, POINT (26.8662439843 9.040839765) 
2017-03-31,0.0,0, POINT (26.8662439843 9.040839765) 
2016-01-01,3.0,0, POINT (26.8670632829 9.04147309796) 
2016-01-02,3.0,0, POINT (26.8670632829 9.04147309796) 
2016-01-03,3.0,0, POINT (26.8670632829 9.04147309796) 
2016-01-04,3.0,0, POINT (26.8670632829 9.04147309796) 
2016-01-05,3.0,0, POINT (26.8670632829 9.04147309796) 
2016-01-06,3.0,0, POINT (26.8670632829 9.04147309796) 
2016-01-07,3.0,0, POINT (26.8670632829 9.04147309796) 
2016-01-08,3.0,0, POINT (26.8670632829 9.04147309796) 
2016-01-09,3.0,0, POINT (26.8670632829 9.04147309796) 
2016-01-10,3.0,0, POINT (26.8670632829 9.04147309796) 
2016-01-11,3.0,0, POINT (26.8670632829 9.04147309796) 
2016-01-12,3.0,0, POINT (26.8670632829 9.04147309796) 
2016-01-13,3.0,0, POINT (26.8670632829 9.04147309796) 
2016-01-14,3.0,0, POINT (26.8670632829 9.04147309796) 
2016-01-15,3.0,0, POINT (26.8670632829 9.04147309796) 
2016-01-16,3.0,0, POINT (26.8670632829 9.04147309796) 
2016-01-17,3.0,0, POINT (26.8670632829 9.04147309796) 
2016-01-18,3.0,0, POINT (26.8670632829 9.04147309796) 
2016-01-19,3.0,0, POINT (26.8670632829 9.04147309796) 
2016-01-20,3.0,1, POINT (26.8670632829 9.04147309796) 
2016-01-21,2.75,0, POINT (26.8670632829 9.04147309796) 
2016-01-22,2.5,0, POINT (26.8670632829 9.04147309796) 
2016-01-23,2.25,0, POINT (26.8670632829 9.04147309796) 
2016-01-24,2.0,0, POINT (26.8670632829 9.04147309796) 
2016-01-25,1.75,0, POINT (26.8670632829 9.04147309796) 
2016-01-26,1.5,0, POINT (26.8670632829 9.04147309796) 
2016-01-27,1.25,0, POINT (26.8670632829 9.04147309796) 
2016-01-28,1.0,1, POINT (26.8670632829 9.04147309796) 
2016-01-29,2.0,0, POINT (26.8670632829 9.04147309796) 
2016-01-30,3.0,1, POINT (26.8670632829 9.04147309796) 
2016-01-31,2.9,0, POINT (26.8670632829 9.04147309796) 
2016-02-01,2.8,0, POINT (26.8670632829 9.04147309796) 
2016-02-02,2.7,0, POINT (26.8670632829 9.04147309796) 
2016-02-03,2.6,0, POINT (26.8670632829 9.04147309796) 
2016-02-04,2.5,0, POINT (26.8670632829 9.04147309796) 
2016-02-05,2.4,0, POINT (26.8670632829 9.04147309796) 
2016-02-06,2.3,0, POINT (26.8670632829 9.04147309796) 
2016-02-07,2.2,0, POINT (26.8670632829 9.04147309796) 
2016-02-08,2.1,0, POINT (26.8670632829 9.04147309796) 
2016-02-09,2.0,1, POINT (26.8670632829 9.04147309796) 
2016-02-10,2.1,0, POINT (26.8670632829 9.04147309796) 
2016-02-11,2.2,0, POINT (26.8670632829 9.04147309796) 
2016-02-12,2.3,0, POINT (26.8670632829 9.04147309796) 
2016-02-13,2.4,0, POINT (26.8670632829 9.04147309796) 
2016-02-14,2.5,0, POINT (26.8670632829 9.04147309796) 
2016-02-15,2.6,0, POINT (26.8670632829 9.04147309796) 
2016-02-16,2.7,0, POINT (26.8670632829 9.04147309796) 
2016-02-17,2.8,0, POINT (26.8670632829 9.04147309796) 
2016-02-18,2.9,0, POINT (26.8670632829 9.04147309796) 
2016-02-19,3.0,1, POINT (26.8670632829 9.04147309796) 
2016-02-20,3.0,0, POINT (26.8670632829 9.04147309796) 
2016-02-21,3.0,0, POINT (26.8670632829 9.04147309796) 
2016-02-22,3.0,0, POINT (26.8670632829 9.04147309796) 
2016-02-23,3.0,0, POINT (26.8670632829 9.04147309796) 
2016-02-24,3.0,0, POINT (26.8670632829 9.04147309796) 
2016-02-25,3.0,0, POINT (26.8670632829 9.04147309796) 
2016-02-26,3.0,0, POINT (26.8670632829 9.04147309796) 
2016-02-27,3.0,0, POINT (26.8670632829 9.04147309796) 
2016-02-28,3.0,0, POINT (26.8670632829 9.04147309796) 
2016-02-29,3.0,0, POINT (26.8670632829 9.04147309796) 
2016-03-01,3.0,0, POINT (26.8670632829 9.04147309796) 
2016-03-02,3.0,0, POINT (26.8670632829 9.04147309796) 
2016-03-03,3.0,0, POINT (26.8670632829 9.04147309796) 
2016-03-04,3.0,0, POINT (26.8670632829 9.04147309796) 
2016-03-05,3.0,0, POINT (26.8670632829 9.04147309796) 
2016-03-06,3.0,0, POINT (26.8670632829 9.04147309796) 
2016-03-07,3.0,0, POINT (26.8670632829 9.04147309796) 
2016-03-08,3.0,0, POINT (26.8670632829 9.04147309796) 
2016-03-09,3.0,0, POINT (26.8670632829 9.04147309796) 
2016-03-10,3.0,0, POINT (26.8670632829 9.04147309796) 
2016-03-11,3.0,0, POINT (26.8670632829 9.04147309796) 
2016-03-12,3.0,0, POINT (26.8670632829 9.04147309796) 
2016-03-13,3.0,0, POINT (26.8670632829 9.04147309796) 
2016-03-14,3.0,0, POINT (26.8670632829 9.04147309796) 
2016-03-15,3.0,0, POINT (26.8670632829 9.04147309796) 
2016-03-16,3.0,0, POINT (26.8670632829 9.04147309796) 
2016-03-17,3.0,0, POINT (26.8670632829 9.04147309796) 
2016-03-18,3.0,0, POINT (26.8670632829 9.04147309796) 
2016-03-19,3.0,0, POINT (26.8670632829 9.04147309796) 
2016-03-20,3.0,1, POINT (26.8670632829 9.04147309796) 
2016-03-21,2.9,0, POINT (26.8670632829 9.04147309796) 
2016-03-22,2.8,0, POINT (26.8670632829 9.04147309796) 
2016-03-23,2.7,0, POINT (26.8670632829 9.04147309796) 
2016-03-24,2.6,0, POINT (26.8670632829 9.04147309796) 
2016-03-25,2.5,0, POINT (26.8670632829 9.04147309796) 
2016-03-26,2.4,0, POINT (26.8670632829 9.04147309796) 
2016-03-27,2.3,0, POINT (26.8670632829 9.04147309796) 
2016-03-28,2.2,0, POINT (26.8670632829 9.04147309796) 
2016-03-29,2.1,0, POINT (26.8670632829 9.04147309796) 
2016-03-30,2.0,1, POINT (26.8670632829 9.04147309796) 
2016-03-31,2.1,0, POINT (26.8670632829 9.04147309796) 
2016-04-01,2.2,0, POINT (26.8670632829 9.04147309796) 
2016-04-02,2.3,0, POINT (26.8670632829 9.04147309796) 
2016-04-03,2.4,0, POINT (26.8670632829 9.04147309796) 
2016-04-04,2.5,0, POINT (26.8670632829 9.04147309796) 
2016-04-05,2.6,0, POINT (26.8670632829 9.04147309796) 
2016-04-06,2.7,0, POINT (26.8670632829 9.04147309796) 
2016-04-07,2.8,0, POINT (26.8670632829 9.04147309796) 
2016-04-08,2.9,0, POINT (26.8670632829 9.04147309796) 
2016-04-09,3.0,1, POINT (26.8670632829 9.04147309796) 
2016-04-10,3.0,0, POINT (26.8670632829 9.04147309796) 
2016-04-11,3.0,0, POINT (26.8670632829 9.04147309796) 
2016-04-12,3.0,0, POINT (26.8670632829 9.04147309796) 
2016-04-13,3.0,0, POINT (26.8670632829 9.04147309796) 
2016-04-14,3.0,0, POINT (26.8670632829 9.04147309796) 
2016-04-15,3.0,0, POINT (26.8670632829 9.04147309796) 
2016-04-16,3.0,0, POINT (26.8670632829 9.04147309796) 
2016-04-17,3.0,0, POINT (26.8670632829 9.04147309796) 
2016-04-18,3.0,0, POINT (26.8670632829 9.04147309796) 
2016-04-19,3.0,0, POINT (26.8670632829 9.04147309796) 
2016-04-20,3.0,0, POINT (26.8670632829 9.04147309796) 
2016-04-21,3.0,0, POINT (26.8670632829 9.04147309796) 
2016-04-22,3.0,0, POINT (26.8670632829 9.04147309796) 
2016-04-23,3.0,0, POINT (26.8670632829 9.04147309796) 
2016-04-24,3.0,0, POINT (26.8670632829 9.04147309796) 
2016-04-25,3.0,0, POINT (26.8670632829 9.04147309796) 
2016-04-26,3.0,0, POINT (26.8670632829 9.04147309796) 
2016-04-27,3.0,0, POINT (26.8670632829 9.04147309796) 
2016-04-28,3.0,0, POINT (26.8670632829 9.04147309796) 
2016-04-29,3.0,1, POINT (26.8670632829 9.04147309796) 
2016-04-30,3.0,0, POINT (26.8670632829 9.04147309796) 
2016-05-01,3.0,0, POINT (26.8670632829 9.04147309796) 
2016-05-02,3.0,0, POINT (26.8670632829 9.04147309796) 
2016-05-03,3.0,0, POINT (26.8670632829 9.04147309796) 
2016-05-04,3.0,0, POINT (26.8670632829 9.04147309796) 
2016-05-05,3.0,0, POINT (26.8670632829 9.04147309796) 
2016-05-06,3.0,0, POINT (26.8670632829 9.04147309796) 
2016-05-07,3.0,0, POINT (26.8670632829 9.04147309796) 
2016-05-08,3.0,0, POINT (26.8670632829 9.04147309796) 
2016-05-09,3.0,0, POINT (26.8670632829 9.04147309796) 
2016-05-10,3.0,0, POINT (26.8670632829 9.04147309796) 
2016-05-11,3.0,0, POINT (26.8670632829 9.04147309796) 
2016-05-12,3.0,0, POINT (26.8670632829 9.04147309796) 
2016-05-13,3.0,0, POINT (26.8670632829 9.04147309796) 
2016-05-14,3.0,0, POINT (26.8670632829 9.04147309796) 
2016-05-15,3.0,0, POINT (26.8670632829 9.04147309796) 
2016-05-16,3.0,0, POINT (26.8670632829 9.04147309796) 
2016-05-17,3.0,0, POINT (26.8670632829 9.04147309796) 
2016-05-18,3.0,0, POINT (26.8670632829 9.04147309796) 
2016-05-19,3.0,1, POINT (26.8670632829 9.04147309796) 
2016-05-20,3.0,0, POINT (26.8670632829 9.04147309796) 
2016-05-21,3.0,0, POINT (26.8670632829 9.04147309796) 
2016-05-22,3.0,0, POINT (26.8670632829 9.04147309796) 
2016-05-23,3.0,0, POINT (26.8670632829 9.04147309796) 
2016-05-24,3.0,0, POINT (26.8670632829 9.04147309796) 
2016-05-25,3.0,0, POINT (26.8670632829 9.04147309796) 
2016-05-26,3.0,0, POINT (26.8670632829 9.04147309796) 
2016-05-27,3.0,0, POINT (26.8670632829 9.04147309796) 
2016-05-28,3.0,0, POINT (26.8670632829 9.04147309796) 
2016-05-29,3.0,0, POINT (26.8670632829 9.04147309796) 
2016-05-30,3.0,0, POINT (26.8670632829 9.04147309796) 
2016-05-31,3.0,0, POINT (26.8670632829 9.04147309796) 
2016-06-01,3.0,0, POINT (26.8670632829 9.04147309796) 
2016-06-02,3.0,0, POINT (26.8670632829 9.04147309796) 
2016-06-03,3.0,0, POINT (26.8670632829 9.04147309796) 
2016-06-04,3.0,0, POINT (26.8670632829 9.04147309796) 
2016-06-05,3.0,0, POINT (26.8670632829 9.04147309796) 
2016-06-06,3.0,0, POINT (26.8670632829 9.04147309796) 
2016-06-07,3.0,0, POINT (26.8670632829 9.04147309796) 
2016-06-08,3.0,0, POINT (26.8670632829 9.04147309796) 
2016-06-09,3.0,0, POINT (26.8670632829 9.04147309796) 
2016-06-10,3.0,0, POINT (26.8670632829 9.04147309796) 
2016-06-11,3.0,0, POINT (26.8670632829 9.04147309796) 
2016-06-12,3.0,0, POINT (26.8670632829 9.04147309796) 
2016-06-13,3.0,0, POINT (26.8670632829 9.04147309796) 
2016-06-14,3.0,0, POINT (26.8670632829 9.04147309796) 
2016-06-15,3.0,0, POINT (26.8670632829 9.04147309796) 
2016-06-16,3.0,0, POINT (26.8670632829 9.04147309796) 
2016-06-17,3.0,0, POINT (26.8670632829 9.04147309796) 
2016-06-18,3.0,1, POINT (26.8670632829 9.04147309796) 
2016-06-19,3.0,0, POINT (26.8670632829 9.04147309796) 
2016-06-20,3.0,0, POINT (26.8670632829 9.04147309796) 
2016-06-21,3.0,0, POINT (26.8670632829 9.04147309796) 
2016-06-22,3.0,0, POINT (26.8670632829 9.04147309796) 
2016-06-23,3.0,0, POINT (26.8670632829 9.04147309796) 
2016-06-24,3.0,0, POINT (26.8670632829 9.04147309796) 
2016-06-25,3.0,0, POINT (26.8670632829 9.04147309796) 
2016-06-26,3.0,0, POINT (26.8670632829 9.04147309796) 
2016-06-27,3.0,0, POINT (26.8670632829 9.04147309796) 
2016-06-28,3.0,0, POINT (26.8670632829 9.04147309796) 
2016-06-29,3.0,0, POINT (26.8670632829 9.04147309796) 
2016-06-30,3.0,0, POINT (26.8670632829 9.04147309796) 
2016-07-01,3.0,0, POINT (26.8670632829 9.04147309796) 
2016-07-02,3.0,1, POINT (26.8670632829 9.04147309796) 
2016-07-03,3.25,0, POINT (26.8670632829 9.04147309796) 
2016-07-04,3.5,0, POINT (26.8670632829 9.04147309796) 
2016-07-05,3.75,0, POINT (26.8670632829 9.04147309796) 
2016-07-06,4.0,0, POINT (26.8670632829 9.04147309796) 
2016-07-07,4.25,0, POINT (26.8670632829 9.04147309796) 
2016-07-08,4.5,0, POINT (26.8670632829 9.04147309796) 
2016-07-09,4.75,0, POINT (26.8670632829 9.04147309796) 
2016-07-10,5.0,0, POINT (26.8670632829 9.04147309796) 
2016-07-11,5.25,0, POINT (26.8670632829 9.04147309796) 
2016-07-12,5.5,0, POINT (26.8670632829 9.04147309796) 
2016-07-13,5.75,0, POINT (26.8670632829 9.04147309796) 
2016-07-14,6.0,0, POINT (26.8670632829 9.04147309796) 
2016-07-15,6.25,0, POINT (26.8670632829 9.04147309796) 
2016-07-16,6.5,0, POINT (26.8670632829 9.04147309796) 
2016-07-17,6.75,0, POINT (26.8670632829 9.04147309796) 
2016-07-18,7.0,0, POINT (26.8670632829 9.04147309796) 
2016-07-19,7.25,0, POINT (26.8670632829 9.04147309796) 
2016-07-20,7.5,0, POINT (26.8670632829 9.04147309796) 
2016-07-21,7.75,0, POINT (26.8670632829 9.04147309796) 
2016-07-22,8.0,0, POINT (26.8670632829 9.04147309796) 
2016-07-23,8.25,0, POINT (26.8670632829 9.04147309796) 
2016-07-24,8.5,0, POINT (26.8670632829 9.04147309796) 
2016-07-25,8.75,0, POINT (26.8670632829 9.04147309796) 
2016-07-26,9.0,1, POINT (26.8670632829 9.04147309796) 
2016-07-27,6.0,0, POINT (26.8670632829 9.04147309796) 
2016-07-28,3.0,1, POINT (26.8670632829 9.04147309796) 
2016-07-29,2.9,0, POINT (26.8670632829 9.04147309796) 
2016-07-30,2.8,0, POINT (26.8670632829 9.04147309796) 
2016-07-31,2.7,0, POINT (26.8670632829 9.04147309796) 
2016-08-01,2.6,0, POINT (26.8670632829 9.04147309796) 
2016-08-02,2.5,0, POINT (26.8670632829 9.04147309796) 
2016-08-03,2.4,0, POINT (26.8670632829 9.04147309796) 
2016-08-04,2.3,0, POINT (26.8670632829 9.04147309796) 
2016-08-05,2.2,0, POINT (26.8670632829 9.04147309796) 
2016-08-06,2.1,0, POINT (26.8670632829 9.04147309796) 
2016-08-07,2.0,1, POINT (26.8670632829 9.04147309796) 
2016-08-08,2.3,0, POINT (26.8670632829 9.04147309796) 
2016-08-09,2.6,0, POINT (26.8670632829 9.04147309796) 
2016-08-10,2.9,0, POINT (26.8670632829 9.04147309796) 
2016-08-11,3.2,0, POINT (26.8670632829 9.04147309796) 
2016-08-12,3.5,0, POINT (26.8670632829 9.04147309796) 
2016-08-13,3.8,0, POINT (26.8670632829 9.04147309796) 
2016-08-14,4.1,0, POINT (26.8670632829 9.04147309796) 
2016-08-15,4.4,0, POINT (26.8670632829 9.04147309796) 
2016-08-16,4.7,0, POINT (26.8670632829 9.04147309796) 
2016-08-17,5.0,0, POINT (26.8670632829 9.04147309796) 
2016-08-18,5.3,0, POINT (26.8670632829 9.04147309796) 
2016-08-19,5.6,0, POINT (26.8670632829 9.04147309796) 
2016-08-20,5.9,0, POINT (26.8670632829 9.04147309796) 
2016-08-21,6.2,0, POINT (26.8670632829 9.04147309796) 
2016-08-22,6.5,0, POINT (26.8670632829 9.04147309796) 
2016-08-23,6.8,0, POINT (26.8670632829 9.04147309796) 
2016-08-24,7.1,0, POINT (26.8670632829 9.04147309796) 
2016-08-25,7.4,0, POINT (26.8670632829 9.04147309796) 
2016-08-26,7.7,0, POINT (26.8670632829 9.04147309796) 
2016-08-27,8.0,0, POINT (26.8670632829 9.04147309796) 
2016-08-28,8.3,0, POINT (26.8670632829 9.04147309796) 
2016-08-29,8.6,0, POINT (26.8670632829 9.04147309796) 
2016-08-30,8.9,0, POINT (26.8670632829 9.04147309796) 
2016-08-31,9.2,0, POINT (26.8670632829 9.04147309796) 
2016-09-01,9.5,0, POINT (26.8670632829 9.04147309796) 
2016-09-02,9.8,0, POINT (26.8670632829 9.04147309796) 
2016-09-03,10.1,0, POINT (26.8670632829 9.04147309796) 
2016-09-04,10.4,0, POINT (26.8670632829 9.04147309796) 
2016-09-05,10.7,0, POINT (26.8670632829 9.04147309796) 
2016-09-06,11.0,1, POINT (26.8670632829 9.04147309796) 
2016-09-07,10.2,0, POINT (26.8670632829 9.04147309796) 
2016-09-08,9.4,0, POINT (26.8670632829 9.04147309796) 
2016-09-09,8.6,0, POINT (26.8670632829 9.04147309796) 
2016-09-10,7.8,0, POINT (26.8670632829 9.04147309796) 
2016-09-11,7.0,0, POINT (26.8670632829 9.04147309796) 
2016-09-12,6.2,0, POINT (26.8670632829 9.04147309796) 
2016-09-13,5.4,0, POINT (26.8670632829 9.04147309796) 
2016-09-14,4.6,0, POINT (26.8670632829 9.04147309796) 
2016-09-15,3.8,0, POINT (26.8670632829 9.04147309796) 
2016-09-16,3.0,1, POINT (26.8670632829 9.04147309796) 
2016-09-17,2.9,0, POINT (26.8670632829 9.04147309796) 
2016-09-18,2.8,0, POINT (26.8670632829 9.04147309796) 
2016-09-19,2.7,0, POINT (26.8670632829 9.04147309796) 
2016-09-20,2.6,0, POINT (26.8670632829 9.04147309796) 
2016-09-21,2.5,0, POINT (26.8670632829 9.04147309796) 
2016-09-22,2.4,0, POINT (26.8670632829 9.04147309796) 
2016-09-23,2.3,0, POINT (26.8670632829 9.04147309796) 
2016-09-24,2.2,0, POINT (26.8670632829 9.04147309796) 
2016-09-25,2.1,0, POINT (26.8670632829 9.04147309796) 
2016-09-26,2.0,0, POINT (26.8670632829 9.04147309796) 
2016-09-27,1.9,0, POINT (26.8670632829 9.04147309796) 
2016-09-28,1.8,0, POINT (26.8670632829 9.04147309796) 
2016-09-29,1.7,0, POINT (26.8670632829 9.04147309796) 
2016-09-30,1.6,0, POINT (26.8670632829 9.04147309796) 
2016-10-01,1.5,0, POINT (26.8670632829 9.04147309796) 
2016-10-02,1.4,0, POINT (26.8670632829 9.04147309796) 
2016-10-03,1.3,0, POINT (26.8670632829 9.04147309796) 
2016-10-04,1.2,0, POINT (26.8670632829 9.04147309796) 
2016-10-05,1.1,0, POINT (26.8670632829 9.04147309796) 
2016-10-06,1.0,0, POINT (26.8670632829 9.04147309796) 
2016-10-07,0.9,0, POINT (26.8670632829 9.04147309796) 
2016-10-08,0.8,0, POINT (26.8670632829 9.04147309796) 
2016-10-09,0.7,0, POINT (26.8670632829 9.04147309796) 
2016-10-10,0.6,0, POINT (26.8670632829 9.04147309796) 
2016-10-11,0.5,0, POINT (26.8670632829 9.04147309796) 
2016-10-12,0.4,0, POINT (26.8670632829 9.04147309796) 
2016-10-13,0.3,0, POINT (26.8670632829 9.04147309796) 
2016-10-14,0.2,0, POINT (26.8670632829 9.04147309796) 
2016-10-15,0.1,0, POINT (26.8670632829 9.04147309796) 
2016-10-16,0.0,1, POINT (26.8670632829 9.04147309796) 
2016-10-17,0.25,0, POINT (26.8670632829 9.04147309796) 
2016-10-18,0.5,0, POINT (26.8670632829 9.04147309796) 
2016-10-19,0.75,0, POINT (26.8670632829 9.04147309796) 
2016-10-20,1.0,0, POINT (26.8670632829 9.04147309796) 
2016-10-21,1.25,0, POINT (26.8670632829 9.04147309796) 
2016-10-22,1.5,0, POINT (26.8670632829 9.04147309796) 
2016-10-23,1.75,0, POINT (26.8670632829 9.04147309796) 
2016-10-24,2.0,1, POINT (26.8670632829 9.04147309796) 
2016-10-25,2.0,0, POINT (26.8670632829 9.04147309796) 
2016-10-26,2.0,0, POINT (26.8670632829 9.04147309796) 
2016-10-27,2.0,0, POINT (26.8670632829 9.04147309796) 
2016-10-28,2.0,0, POINT (26.8670632829 9.04147309796) 
2016-10-29,2.0,0, POINT (26.8670632829 9.04147309796) 
2016-10-30,2.0,0, POINT (26.8670632829 9.04147309796) 
2016-10-31,2.0,0, POINT (26.8670632829 9.04147309796) 
2016-11-01,2.0,0, POINT (26.8670632829 9.04147309796) 
2016-11-02,2.0,0, POINT (26.8670632829 9.04147309796) 
2016-11-03,2.0,0, POINT (26.8670632829 9.04147309796) 
2016-11-04,2.0,0, POINT (26.8670632829 9.04147309796) 
2016-11-05,2.0,1, POINT (26.8670632829 9.04147309796) 
2016-11-06,2.0,0, POINT (26.8670632829 9.04147309796) 
2016-11-07,2.0,0, POINT (26.8670632829 9.04147309796) 
2016-11-08,2.0,0, POINT (26.8670632829 9.04147309796) 
2016-11-09,2.0,0, POINT (26.8670632829 9.04147309796) 
2016-11-10,2.0,0, POINT (26.8670632829 9.04147309796) 
2016-11-11,2.0,0, POINT (26.8670632829 9.04147309796) 
2016-11-12,2.0,0, POINT (26.8670632829 9.04147309796) 
2016-11-13,2.0,0, POINT (26.8670632829 9.04147309796) 
2016-11-14,2.0,0, POINT (26.8670632829 9.04147309796) 
2016-11-15,2.0,0, POINT (26.8670632829 9.04147309796) 
2016-11-16,2.0,0, POINT (26.8670632829 9.04147309796) 
2016-11-17,2.0,1, POINT (26.8670632829 9.04147309796) 
2016-11-18,2.0,0, POINT (26.8670632829 9.04147309796) 
2016-11-19,2.0,0, POINT (26.8670632829 9.04147309796) 
2016-11-20,2.0,0, POINT (26.8670632829 9.04147309796) 
2016-11-21,2.0,0, POINT (26.8670632829 9.04147309796) 
2016-11-22,2.0,0, POINT (26.8670632829 9.04147309796) 
2016-11-23,2.0,0, POINT (26.8670632829 9.04147309796) 
2016-11-24,2.0,0, POINT (26.8670632829 9.04147309796) 
2016-11-25,2.0,1, POINT (26.8670632829 9.04147309796) 
2016-11-26,1.75,0, POINT (26.8670632829 9.04147309796) 
2016-11-27,1.5,0, POINT (26.8670632829 9.04147309796) 
2016-11-28,1.25,0, POINT (26.8670632829 9.04147309796) 
2016-11-29,1.0,1, POINT (26.8670632829 9.04147309796) 
2016-11-30,1.17,0, POINT (26.8670632829 9.04147309796) 
2016-12-01,1.33,0, POINT (26.8670632829 9.04147309796) 
2016-12-02,1.5,0, POINT (26.8670632829 9.04147309796) 
2016-12-03,1.67,0, POINT (26.8670632829 9.04147309796) 
2016-12-04,1.83,0, POINT (26.8670632829 9.04147309796) 
2016-12-05,2.0,1, POINT (26.8670632829 9.04147309796) 
2016-12-06,2.0,0, POINT (26.8670632829 9.04147309796) 
2016-12-07,2.0,0, POINT (26.8670632829 9.04147309796) 
2016-12-08,2.0,0, POINT (26.8670632829 9.04147309796) 
2016-12-09,2.0,0, POINT (26.8670632829 9.04147309796) 
2016-12-10,2.0,0, POINT (26.8670632829 9.04147309796) 
2016-12-11,2.0,1, POINT (26.8670632829 9.04147309796) 
2016-12-12,2.25,0, POINT (26.8670632829 9.04147309796) 
2016-12-13,2.5,0, POINT (26.8670632829 9.04147309796) 
2016-12-14,2.75,0, POINT (26.8670632829 9.04147309796) 
2016-12-15,3.0,1, POINT (26.8670632829 9.04147309796) 
2016-12-16,2.75,0, POINT (26.8670632829 9.04147309796) 
2016-12-17,2.5,0, POINT (26.8670632829 9.04147309796) 
2016-12-18,2.25,0, POINT (26.8670632829 9.04147309796) 
2016-12-19,2.0,0, POINT (26.8670632829 9.04147309796) 
2016-12-20,1.75,0, POINT (26.8670632829 9.04147309796) 
2016-12-21,1.5,0, POINT (26.8670632829 9.04147309796) 
2016-12-22,1.25,0, POINT (26.8670632829 9.04147309796) 
2016-12-23,1.0,1, POINT (26.8670632829 9.04147309796) 
2016-12-24,1.5,0, POINT (26.8670632829 9.04147309796) 
2016-12-25,2.0,1, POINT (26.8670632829 9.04147309796) 
2016-12-26,2.0,0, POINT (26.8670632829 9.04147309796) 
2016-12-27,2.0,0, POINT (26.8670632829 9.04147309796) 
2016-12-28,2.0,0, POINT (26.8670632829 9.04147309796) 
2016-12-29,2.0,0, POINT (26.8670632829 9.04147309796) 
2016-12-30,2.0,0, POINT (26.8670632829 9.04147309796) 
2016-12-31,2.0,0, POINT (26.8670632829 9.04147309796) 
2017-01-01,2.0,0, POINT (26.8670632829 9.04147309796) 
2017-01-02,2.0,0, POINT (26.8670632829 9.04147309796) 
2017-01-03,2.0,0, POINT (26.8670632829 9.04147309796) 
2017-01-04,2.0,1, POINT (26.8670632829 9.04147309796) 
2017-01-05,2.1,0, POINT (26.8670632829 9.04147309796) 
2017-01-06,2.2,0, POINT (26.8670632829 9.04147309796) 
2017-01-07,2.3,0, POINT (26.8670632829 9.04147309796) 
2017-01-08,2.4,0, POINT (26.8670632829 9.04147309796) 
2017-01-09,2.5,0, POINT (26.8670632829 9.04147309796) 
2017-01-10,2.6,0, POINT (26.8670632829 9.04147309796) 
2017-01-11,2.7,0, POINT (26.8670632829 9.04147309796) 
2017-01-12,2.8,0, POINT (26.8670632829 9.04147309796) 
2017-01-13,2.9,0, POINT (26.8670632829 9.04147309796) 
2017-01-14,3.0,1, POINT (26.8670632829 9.04147309796) 
2017-01-15,2.0,0, POINT (26.8670632829 9.04147309796) 
2017-01-16,1.0,1, POINT (26.8670632829 9.04147309796) 
2017-01-17,1.25,0, POINT (26.8670632829 9.04147309796) 
2017-01-18,1.5,0, POINT (26.8670632829 9.04147309796) 
2017-01-19,1.75,0, POINT (26.8670632829 9.04147309796) 
2017-01-20,2.0,0, POINT (26.8670632829 9.04147309796) 
2017-01-21,2.25,0, POINT (26.8670632829 9.04147309796) 
2017-01-22,2.5,0, POINT (26.8670632829 9.04147309796) 
2017-01-23,2.75,0, POINT (26.8670632829 9.04147309796) 
2017-01-24,3.0,1, POINT (26.8670632829 9.04147309796) 
2017-01-25,2.5,0, POINT (26.8670632829 9.04147309796) 
2017-01-26,2.0,0, POINT (26.8670632829 9.04147309796) 
2017-01-27,1.5,0, POINT (26.8670632829 9.04147309796) 
2017-01-28,1.0,1, POINT (26.8670632829 9.04147309796) 
2017-01-29,1.17,0, POINT (26.8670632829 9.04147309796) 
2017-01-30,1.33,0, POINT (26.8670632829 9.04147309796) 
2017-01-31,1.5,0, POINT (26.8670632829 9.04147309796) 
2017-02-01,1.67,0, POINT (26.8670632829 9.04147309796) 
2017-02-02,1.83,0, POINT (26.8670632829 9.04147309796) 
2017-02-03,2.0,1, POINT (26.8670632829 9.04147309796) 
2017-02-04,1.83,0, POINT (26.8670632829 9.04147309796) 
2017-02-05,1.67,0, POINT (26.8670632829 9.04147309796) 
2017-02-06,1.5,0, POINT (26.8670632829 9.04147309796) 
2017-02-07,1.33,0, POINT (26.8670632829 9.04147309796) 
2017-02-08,1.17,0, POINT (26.8670632829 9.04147309796) 
2017-02-09,1.0,1, POINT (26.8670632829 9.04147309796) 
2017-02-10,1.25,0, POINT (26.8670632829 9.04147309796) 
2017-02-11,1.5,0, POINT (26.8670632829 9.04147309796) 
2017-02-12,1.75,0, POINT (26.8670632829 9.04147309796) 
2017-02-13,2.0,1, POINT (26.8670632829 9.04147309796) 
2017-02-14,1.88,0, POINT (26.8670632829 9.04147309796) 
2017-02-15,1.75,0, POINT (26.8670632829 9.04147309796) 
2017-02-16,1.63,0, POINT (26.8670632829 9.04147309796) 
2017-02-17,1.5,0, POINT (26.8670632829 9.04147309796) 
2017-02-18,1.38,0, POINT (26.8670632829 9.04147309796) 
2017-02-19,1.25,0, POINT (26.8670632829 9.04147309796) 
2017-02-20,1.13,0, POINT (26.8670632829 9.04147309796) 
2017-02-21,1.0,1, POINT (26.8670632829 9.04147309796) 
2017-02-22,2.0,0, POINT (26.8670632829 9.04147309796) 
2017-02-23,3.0,1, POINT (26.8670632829 9.04147309796) 
2017-02-24,2.9,0, POINT (26.8670632829 9.04147309796) 
2017-02-25,2.8,0, POINT (26.8670632829 9.04147309796) 
2017-02-26,2.7,0, POINT (26.8670632829 9.04147309796) 
2017-02-27,2.6,0, POINT (26.8670632829 9.04147309796) 
2017-02-28,2.5,0, POINT (26.8670632829 9.04147309796) 
2017-03-01,2.4,0, POINT (26.8670632829 9.04147309796) 
2017-03-02,2.3,0, POINT (26.8670632829 9.04147309796) 
2017-03-03,2.2,0, POINT (26.8670632829 9.04147309796) 
2017-03-04,2.1,0, POINT (26.8670632829 9.04147309796) 
2017-03-05,2.0,1, POINT (26.8670632829 9.04147309796) 
2017-03-06,2.1,0, POINT (26.8670632829 9.04147309796) 
2017-03-07,2.2,0, POINT (26.8670632829 9.04147309796) 
2017-03-08,2.3,0, POINT (26.8670632829 9.04147309796) 
2017-03-09,2.4,0, POINT (26.8670632829 9.04147309796) 
2017-03-10,2.5,0, POINT (26.8670632829 9.04147309796) 
2017-03-11,2.6,0, POINT (26.8670632829 9.04147309796) 
2017-03-12,2.7,0, POINT (26.8670632829 9.04147309796) 
2017-03-13,2.8,0, POINT (26.8670632829 9.04147309796) 
2017-03-14,2.9,0, POINT (26.8670632829 9.04147309796) 
2017-03-15,3.0,1, POINT (26.8670632829 9.04147309796) 
2017-03-16,2.0,0, POINT (26.8670632829 9.04147309796) 
2017-03-17,1.0,1, POINT (26.8670632829 9.04147309796) 
2017-03-18,1.0,0, POINT (26.8670632829 9.04147309796) 
2017-03-19,1.0,0, POINT (26.8670632829 9.04147309796) 
2017-03-20,1.0,0, POINT (26.8670632829 9.04147309796) 
2017-03-21,1.0,0, POINT (26.8670632829 9.04147309796) 
2017-03-22,1.0,0, POINT (26.8670632829 9.04147309796) 
2017-03-23,1.0,0, POINT (26.8670632829 9.04147309796) 
2017-03-24,1.0,0, POINT (26.8670632829 9.04147309796) 
2017-03-25,1.0,0, POINT (26.8670632829 9.04147309796) 
2017-03-26,1.0,0, POINT (26.8670632829 9.04147309796) 
2017-03-27,1.0,0, POINT (26.8670632829 9.04147309796) 
2017-03-28,1.0,0, POINT (26.8670632829 9.04147309796) 
2017-03-29,1.0,1, POINT (26.8670632829 9.04147309796) 
2017-03-30,1.0,0, POINT (26.8670632829 9.04147309796) 
2017-03-31,1.0,0, POINT (26.8670632829 9.04147309796) 
2016-01-01,2.0,0, POINT (26.8677915483 9.04192547865) 
2016-01-02,2.0,0, POINT (26.8677915483 9.04192547865) 
2016-01-03,2.0,0, POINT (26.8677915483 9.04192547865) 
2016-01-04,2.0,0, POINT (26.8677915483 9.04192547865) 
2016-01-05,2.0,0, POINT (26.8677915483 9.04192547865) 
2016-01-06,2.0,0, POINT (26.8677915483 9.04192547865) 
2016-01-07,2.0,0, POINT (26.8677915483 9.04192547865) 
2016-01-08,2.0,0, POINT (26.8677915483 9.04192547865) 
2016-01-09,2.0,0, POINT (26.8677915483 9.04192547865) 
2016-01-10,2.0,0, POINT (26.8677915483 9.04192547865) 
2016-01-11,2.0,0, POINT (26.8677915483 9.04192547865) 
2016-01-12,2.0,0, POINT (26.8677915483 9.04192547865) 
2016-01-13,2.0,0, POINT (26.8677915483 9.04192547865) 
2016-01-14,2.0,0, POINT (26.8677915483 9.04192547865) 
2016-01-15,2.0,0, POINT (26.8677915483 9.04192547865) 
2016-01-16,2.0,0, POINT (26.8677915483 9.04192547865) 
2016-01-17,2.0,0, POINT (26.8677915483 9.04192547865) 
2016-01-18,2.0,0, POINT (26.8677915483 9.04192547865) 
2016-01-19,2.0,0, POINT (26.8677915483 9.04192547865) 
2016-01-20,2.0,1, POINT (26.8677915483 9.04192547865) 
2016-01-21,1.88,0, POINT (26.8677915483 9.04192547865) 
2016-01-22,1.75,0, POINT (26.8677915483 9.04192547865) 
2016-01-23,1.63,0, POINT (26.8677915483 9.04192547865) 
2016-01-24,1.5,0, POINT (26.8677915483 9.04192547865) 
2016-01-25,1.38,0, POINT (26.8677915483 9.04192547865) 
2016-01-26,1.25,0, POINT (26.8677915483 9.04192547865) 
2016-01-27,1.13,0, POINT (26.8677915483 9.04192547865) 
2016-01-28,1.0,1, POINT (26.8677915483 9.04192547865) 
2016-01-29,1.5,0, POINT (26.8677915483 9.04192547865) 
2016-01-30,2.0,1, POINT (26.8677915483 9.04192547865) 
2016-01-31,2.0,0, POINT (26.8677915483 9.04192547865) 
2016-02-01,2.0,0, POINT (26.8677915483 9.04192547865) 
2016-02-02,2.0,0, POINT (26.8677915483 9.04192547865) 
2016-02-03,2.0,0, POINT (26.8677915483 9.04192547865) 
2016-02-04,2.0,0, POINT (26.8677915483 9.04192547865) 
2016-02-05,2.0,0, POINT (26.8677915483 9.04192547865) 
2016-02-06,2.0,0, POINT (26.8677915483 9.04192547865) 
2016-02-07,2.0,0, POINT (26.8677915483 9.04192547865) 
2016-02-08,2.0,0, POINT (26.8677915483 9.04192547865) 
2016-02-09,2.0,1, POINT (26.8677915483 9.04192547865) 
2016-02-10,2.0,0, POINT (26.8677915483 9.04192547865) 
2016-02-11,2.0,0, POINT (26.8677915483 9.04192547865) 
2016-02-12,2.0,0, POINT (26.8677915483 9.04192547865) 
2016-02-13,2.0,0, POINT (26.8677915483 9.04192547865) 
2016-02-14,2.0,0, POINT (26.8677915483 9.04192547865) 
2016-02-15,2.0,0, POINT (26.8677915483 9.04192547865) 
2016-02-16,2.0,0, POINT (26.8677915483 9.04192547865) 
2016-02-17,2.0,0, POINT (26.8677915483 9.04192547865) 
2016-02-18,2.0,0, POINT (26.8677915483 9.04192547865) 
2016-02-19,2.0,1, POINT (26.8677915483 9.04192547865) 
2016-02-20,2.0,0, POINT (26.8677915483 9.04192547865) 
2016-02-21,2.0,0, POINT (26.8677915483 9.04192547865) 
2016-02-22,2.0,0, POINT (26.8677915483 9.04192547865) 
2016-02-23,2.0,0, POINT (26.8677915483 9.04192547865) 
2016-02-24,2.0,0, POINT (26.8677915483 9.04192547865) 
2016-02-25,2.0,0, POINT (26.8677915483 9.04192547865) 
2016-02-26,2.0,0, POINT (26.8677915483 9.04192547865) 
2016-02-27,2.0,0, POINT (26.8677915483 9.04192547865) 
2016-02-28,2.0,0, POINT (26.8677915483 9.04192547865) 
2016-02-29,2.0,0, POINT (26.8677915483 9.04192547865) 
2016-03-01,2.0,0, POINT (26.8677915483 9.04192547865) 
2016-03-02,2.0,0, POINT (26.8677915483 9.04192547865) 
2016-03-03,2.0,0, POINT (26.8677915483 9.04192547865) 
2016-03-04,2.0,0, POINT (26.8677915483 9.04192547865) 
2016-03-05,2.0,0, POINT (26.8677915483 9.04192547865) 
2016-03-06,2.0,0, POINT (26.8677915483 9.04192547865) 
2016-03-07,2.0,0, POINT (26.8677915483 9.04192547865) 
2016-03-08,2.0,0, POINT (26.8677915483 9.04192547865) 
2016-03-09,2.0,0, POINT (26.8677915483 9.04192547865) 
2016-03-10,2.0,0, POINT (26.8677915483 9.04192547865) 
2016-03-11,2.0,0, POINT (26.8677915483 9.04192547865) 
2016-03-12,2.0,0, POINT (26.8677915483 9.04192547865) 
2016-03-13,2.0,0, POINT (26.8677915483 9.04192547865) 
2016-03-14,2.0,0, POINT (26.8677915483 9.04192547865) 
2016-03-15,2.0,0, POINT (26.8677915483 9.04192547865) 
2016-03-16,2.0,0, POINT (26.8677915483 9.04192547865) 
2016-03-17,2.0,0, POINT (26.8677915483 9.04192547865) 
2016-03-18,2.0,0, POINT (26.8677915483 9.04192547865) 
2016-03-19,2.0,0, POINT (26.8677915483 9.04192547865) 
2016-03-20,2.0,1, POINT (26.8677915483 9.04192547865) 
2016-03-21,2.0,0, POINT (26.8677915483 9.04192547865) 
2016-03-22,2.0,0, POINT (26.8677915483 9.04192547865) 
2016-03-23,2.0,0, POINT (26.8677915483 9.04192547865) 
2016-03-24,2.0,0, POINT (26.8677915483 9.04192547865) 
2016-03-25,2.0,0, POINT (26.8677915483 9.04192547865) 
2016-03-26,2.0,0, POINT (26.8677915483 9.04192547865) 
2016-03-27,2.0,0, POINT (26.8677915483 9.04192547865) 
2016-03-28,2.0,0, POINT (26.8677915483 9.04192547865) 
2016-03-29,2.0,0, POINT (26.8677915483 9.04192547865) 
2016-03-30,2.0,1, POINT (26.8677915483 9.04192547865) 
2016-03-31,2.0,0, POINT (26.8677915483 9.04192547865) 
2016-04-01,2.0,0, POINT (26.8677915483 9.04192547865) 
2016-04-02,2.0,0, POINT (26.8677915483 9.04192547865) 
2016-04-03,2.0,0, POINT (26.8677915483 9.04192547865) 
2016-04-04,2.0,0, POINT (26.8677915483 9.04192547865) 
2016-04-05,2.0,0, POINT (26.8677915483 9.04192547865) 
2016-04-06,2.0,0, POINT (26.8677915483 9.04192547865) 
2016-04-07,2.0,0, POINT (26.8677915483 9.04192547865) 
2016-04-08,2.0,0, POINT (26.8677915483 9.04192547865) 
2016-04-09,2.0,1, POINT (26.8677915483 9.04192547865) 
2016-04-10,2.0,0, POINT (26.8677915483 9.04192547865) 
2016-04-11,2.0,0, POINT (26.8677915483 9.04192547865) 
2016-04-12,2.0,0, POINT (26.8677915483 9.04192547865) 
2016-04-13,2.0,0, POINT (26.8677915483 9.04192547865) 
2016-04-14,2.0,0, POINT (26.8677915483 9.04192547865) 
2016-04-15,2.0,0, POINT (26.8677915483 9.04192547865) 
2016-04-16,2.0,0, POINT (26.8677915483 9.04192547865) 
2016-04-17,2.0,0, POINT (26.8677915483 9.04192547865) 
2016-04-18,2.0,0, POINT (26.8677915483 9.04192547865) 
2016-04-19,2.0,0, POINT (26.8677915483 9.04192547865) 
2016-04-20,2.0,0, POINT (26.8677915483 9.04192547865) 
2016-04-21,2.0,0, POINT (26.8677915483 9.04192547865) 
2016-04-22,2.0,0, POINT (26.8677915483 9.04192547865) 
2016-04-23,2.0,0, POINT (26.8677915483 9.04192547865) 
2016-04-24,2.0,0, POINT (26.8677915483 9.04192547865) 
2016-04-25,2.0,0, POINT (26.8677915483 9.04192547865) 
2016-04-26,2.0,0, POINT (26.8677915483 9.04192547865) 
2016-04-27,2.0,0, POINT (26.8677915483 9.04192547865) 
2016-04-28,2.0,0, POINT (26.8677915483 9.04192547865) 
2016-04-29,2.0,1, POINT (26.8677915483 9.04192547865) 
2016-04-30,2.0,0, POINT (26.8677915483 9.04192547865) 
2016-05-01,2.0,0, POINT (26.8677915483 9.04192547865) 
2016-05-02,2.0,0, POINT (26.8677915483 9.04192547865) 
2016-05-03,2.0,0, POINT (26.8677915483 9.04192547865) 
2016-05-04,2.0,0, POINT (26.8677915483 9.04192547865) 
2016-05-05,2.0,0, POINT (26.8677915483 9.04192547865) 
2016-05-06,2.0,0, POINT (26.8677915483 9.04192547865) 
2016-05-07,2.0,0, POINT (26.8677915483 9.04192547865) 
2016-05-08,2.0,0, POINT (26.8677915483 9.04192547865) 
2016-05-09,2.0,0, POINT (26.8677915483 9.04192547865) 
2016-05-10,2.0,0, POINT (26.8677915483 9.04192547865) 
2016-05-11,2.0,0, POINT (26.8677915483 9.04192547865) 
2016-05-12,2.0,0, POINT (26.8677915483 9.04192547865) 
2016-05-13,2.0,0, POINT (26.8677915483 9.04192547865) 
2016-05-14,2.0,0, POINT (26.8677915483 9.04192547865) 
2016-05-15,2.0,0, POINT (26.8677915483 9.04192547865) 
2016-05-16,2.0,0, POINT (26.8677915483 9.04192547865) 
2016-05-17,2.0,0, POINT (26.8677915483 9.04192547865) 
2016-05-18,2.0,0, POINT (26.8677915483 9.04192547865) 
2016-05-19,2.0,1, POINT (26.8677915483 9.04192547865) 
2016-05-20,2.03,0, POINT (26.8677915483 9.04192547865) 
2016-05-21,2.07,0, POINT (26.8677915483 9.04192547865) 
2016-05-22,2.1,0, POINT (26.8677915483 9.04192547865) 
2016-05-23,2.13,0, POINT (26.8677915483 9.04192547865) 
2016-05-24,2.17,0, POINT (26.8677915483 9.04192547865) 
2016-05-25,2.2,0, POINT (26.8677915483 9.04192547865) 
2016-05-26,2.23,0, POINT (26.8677915483 9.04192547865) 
2016-05-27,2.27,0, POINT (26.8677915483 9.04192547865) 
2016-05-28,2.3,0, POINT (26.8677915483 9.04192547865) 
2016-05-29,2.33,0, POINT (26.8677915483 9.04192547865) 
2016-05-30,2.37,0, POINT (26.8677915483 9.04192547865) 
2016-05-31,2.4,0, POINT (26.8677915483 9.04192547865) 
2016-06-01,2.43,0, POINT (26.8677915483 9.04192547865) 
2016-06-02,2.47,0, POINT (26.8677915483 9.04192547865) 
2016-06-03,2.5,0, POINT (26.8677915483 9.04192547865) 
2016-06-04,2.53,0, POINT (26.8677915483 9.04192547865) 
2016-06-05,2.57,0, POINT (26.8677915483 9.04192547865) 
2016-06-06,2.6,0, POINT (26.8677915483 9.04192547865) 
2016-06-07,2.63,0, POINT (26.8677915483 9.04192547865) 
2016-06-08,2.67,0, POINT (26.8677915483 9.04192547865) 
2016-06-09,2.7,0, POINT (26.8677915483 9.04192547865) 
2016-06-10,2.73,0, POINT (26.8677915483 9.04192547865) 
2016-06-11,2.77,0, POINT (26.8677915483 9.04192547865) 
2016-06-12,2.8,0, POINT (26.8677915483 9.04192547865) 
2016-06-13,2.83,0, POINT (26.8677915483 9.04192547865) 
2016-06-14,2.87,0, POINT (26.8677915483 9.04192547865) 
2016-06-15,2.9,0, POINT (26.8677915483 9.04192547865) 
2016-06-16,2.93,0, POINT (26.8677915483 9.04192547865) 
2016-06-17,2.97,0, POINT (26.8677915483 9.04192547865) 
2016-06-18,3.0,1, POINT (26.8677915483 9.04192547865) 
2016-06-19,3.21,0, POINT (26.8677915483 9.04192547865) 
2016-06-20,3.43,0, POINT (26.8677915483 9.04192547865) 
2016-06-21,3.64,0, POINT (26.8677915483 9.04192547865) 
2016-06-22,3.86,0, POINT (26.8677915483 9.04192547865) 
2016-06-23,4.07,0, POINT (26.8677915483 9.04192547865) 
2016-06-24,4.29,0, POINT (26.8677915483 9.04192547865) 
2016-06-25,4.5,0, POINT (26.8677915483 9.04192547865) 
2016-06-26,4.71,0, POINT (26.8677915483 9.04192547865) 
2016-06-27,4.93,0, POINT (26.8677915483 9.04192547865) 
2016-06-28,5.14,0, POINT (26.8677915483 9.04192547865) 
2016-06-29,5.36,0, POINT (26.8677915483 9.04192547865) 
2016-06-30,5.57,0, POINT (26.8677915483 9.04192547865) 
2016-07-01,5.79,0, POINT (26.8677915483 9.04192547865) 
2016-07-02,6.0,1, POINT (26.8677915483 9.04192547865) 
2016-07-03,6.17,0, POINT (26.8677915483 9.04192547865) 
2016-07-04,6.33,0, POINT (26.8677915483 9.04192547865) 
2016-07-05,6.5,0, POINT (26.8677915483 9.04192547865) 
2016-07-06,6.67,0, POINT (26.8677915483 9.04192547865) 
2016-07-07,6.83,0, POINT (26.8677915483 9.04192547865) 
2016-07-08,7.0,0, POINT (26.8677915483 9.04192547865) 
2016-07-09,7.17,0, POINT (26.8677915483 9.04192547865) 
2016-07-10,7.33,0, POINT (26.8677915483 9.04192547865) 
2016-07-11,7.5,0, POINT (26.8677915483 9.04192547865) 
2016-07-12,7.67,0, POINT (26.8677915483 9.04192547865) 
2016-07-13,7.83,0, POINT (26.8677915483 9.04192547865) 
2016-07-14,8.0,0, POINT (26.8677915483 9.04192547865) 
2016-07-15,8.17,0, POINT (26.8677915483 9.04192547865) 
2016-07-16,8.33,0, POINT (26.8677915483 9.04192547865) 
2016-07-17,8.5,0, POINT (26.8677915483 9.04192547865) 
2016-07-18,8.67,0, POINT (26.8677915483 9.04192547865) 
2016-07-19,8.83,0, POINT (26.8677915483 9.04192547865) 
2016-07-20,9.0,0, POINT (26.8677915483 9.04192547865) 
2016-07-21,9.17,0, POINT (26.8677915483 9.04192547865) 
2016-07-22,9.33,0, POINT (26.8677915483 9.04192547865) 
2016-07-23,9.5,0, POINT (26.8677915483 9.04192547865) 
2016-07-24,9.67,0, POINT (26.8677915483 9.04192547865) 
2016-07-25,9.83,0, POINT (26.8677915483 9.04192547865) 
2016-07-26,10.0,1, POINT (26.8677915483 9.04192547865) 
2016-07-27,8.0,0, POINT (26.8677915483 9.04192547865) 
2016-07-28,6.0,1, POINT (26.8677915483 9.04192547865) 
2016-07-29,6.0,0, POINT (26.8677915483 9.04192547865) 
2016-07-30,6.0,0, POINT (26.8677915483 9.04192547865) 
2016-07-31,6.0,0, POINT (26.8677915483 9.04192547865) 
2016-08-01,6.0,0, POINT (26.8677915483 9.04192547865) 
2016-08-02,6.0,0, POINT (26.8677915483 9.04192547865) 
2016-08-03,6.0,0, POINT (26.8677915483 9.04192547865) 
2016-08-04,6.0,0, POINT (26.8677915483 9.04192547865) 
2016-08-05,6.0,0, POINT (26.8677915483 9.04192547865) 
2016-08-06,6.0,0, POINT (26.8677915483 9.04192547865) 
2016-08-07,6.0,1, POINT (26.8677915483 9.04192547865) 
2016-08-08,6.23,0, POINT (26.8677915483 9.04192547865) 
2016-08-09,6.47,0, POINT (26.8677915483 9.04192547865) 
2016-08-10,6.7,0, POINT (26.8677915483 9.04192547865) 
2016-08-11,6.93,0, POINT (26.8677915483 9.04192547865) 
2016-08-12,7.17,0, POINT (26.8677915483 9.04192547865) 
2016-08-13,7.4,0, POINT (26.8677915483 9.04192547865) 
2016-08-14,7.63,0, POINT (26.8677915483 9.04192547865) 
2016-08-15,7.87,0, POINT (26.8677915483 9.04192547865) 
2016-08-16,8.1,0, POINT (26.8677915483 9.04192547865) 
2016-08-17,8.33,0, POINT (26.8677915483 9.04192547865) 
2016-08-18,8.57,0, POINT (26.8677915483 9.04192547865) 
2016-08-19,8.8,0, POINT (26.8677915483 9.04192547865) 
2016-08-20,9.03,0, POINT (26.8677915483 9.04192547865) 
2016-08-21,9.27,0, POINT (26.8677915483 9.04192547865) 
2016-08-22,9.5,0, POINT (26.8677915483 9.04192547865) 
2016-08-23,9.73,0, POINT (26.8677915483 9.04192547865) 
2016-08-24,9.97,0, POINT (26.8677915483 9.04192547865) 
2016-08-25,10.2,0, POINT (26.8677915483 9.04192547865) 
2016-08-26,10.43,0, POINT (26.8677915483 9.04192547865) 
2016-08-27,10.67,0, POINT (26.8677915483 9.04192547865) 
2016-08-28,10.9,0, POINT (26.8677915483 9.04192547865) 
2016-08-29,11.13,0, POINT (26.8677915483 9.04192547865) 
2016-08-30,11.37,0, POINT (26.8677915483 9.04192547865) 
2016-08-31,11.6,0, POINT (26.8677915483 9.04192547865) 
2016-09-01,11.83,0, POINT (26.8677915483 9.04192547865) 
2016-09-02,12.07,0, POINT (26.8677915483 9.04192547865) 
2016-09-03,12.3,0, POINT (26.8677915483 9.04192547865) 
2016-09-04,12.53,0, POINT (26.8677915483 9.04192547865) 
2016-09-05,12.77,0, POINT (26.8677915483 9.04192547865) 
2016-09-06,13.0,1, POINT (26.8677915483 9.04192547865) 
2016-09-07,12.7,0, POINT (26.8677915483 9.04192547865) 
2016-09-08,12.4,0, POINT (26.8677915483 9.04192547865) 
2016-09-09,12.1,0, POINT (26.8677915483 9.04192547865) 
2016-09-10,11.8,0, POINT (26.8677915483 9.04192547865) 
2016-09-11,11.5,0, POINT (26.8677915483 9.04192547865) 
2016-09-12,11.2,0, POINT (26.8677915483 9.04192547865) 
2016-09-13,10.9,0, POINT (26.8677915483 9.04192547865) 
2016-09-14,10.6,0, POINT (26.8677915483 9.04192547865) 
2016-09-15,10.3,0, POINT (26.8677915483 9.04192547865) 
2016-09-16,10.0,1, POINT (26.8677915483 9.04192547865) 
2016-09-17,9.67,0, POINT (26.8677915483 9.04192547865) 
2016-09-18,9.33,0, POINT (26.8677915483 9.04192547865) 
2016-09-19,9.0,0, POINT (26.8677915483 9.04192547865) 
2016-09-20,8.67,0, POINT (26.8677915483 9.04192547865) 
2016-09-21,8.33,0, POINT (26.8677915483 9.04192547865) 
2016-09-22,8.0,0, POINT (26.8677915483 9.04192547865) 
2016-09-23,7.67,0, POINT (26.8677915483 9.04192547865) 
2016-09-24,7.33,0, POINT (26.8677915483 9.04192547865) 
2016-09-25,7.0,0, POINT (26.8677915483 9.04192547865) 
2016-09-26,6.67,0, POINT (26.8677915483 9.04192547865) 
2016-09-27,6.33,0, POINT (26.8677915483 9.04192547865) 
2016-09-28,6.0,0, POINT (26.8677915483 9.04192547865) 
2016-09-29,5.67,0, POINT (26.8677915483 9.04192547865) 
2016-09-30,5.33,0, POINT (26.8677915483 9.04192547865) 
2016-10-01,5.0,0, POINT (26.8677915483 9.04192547865) 
2016-10-02,4.67,0, POINT (26.8677915483 9.04192547865) 
2016-10-03,4.33,0, POINT (26.8677915483 9.04192547865) 
2016-10-04,4.0,0, POINT (26.8677915483 9.04192547865) 
2016-10-05,3.67,0, POINT (26.8677915483 9.04192547865) 
2016-10-06,3.33,0, POINT (26.8677915483 9.04192547865) 
2016-10-07,3.0,0, POINT (26.8677915483 9.04192547865) 
2016-10-08,2.67,0, POINT (26.8677915483 9.04192547865) 
2016-10-09,2.33,0, POINT (26.8677915483 9.04192547865) 
2016-10-10,2.0,0, POINT (26.8677915483 9.04192547865) 
2016-10-11,1.67,0, POINT (26.8677915483 9.04192547865) 
2016-10-12,1.33,0, POINT (26.8677915483 9.04192547865) 
2016-10-13,1.0,0, POINT (26.8677915483 9.04192547865) 
2016-10-14,0.67,0, POINT (26.8677915483 9.04192547865) 
2016-10-15,0.33,0, POINT (26.8677915483 9.04192547865) 
2016-10-16,0.0,1, POINT (26.8677915483 9.04192547865) 
2016-10-17,0.63,0, POINT (26.8677915483 9.04192547865) 
2016-10-18,1.25,0, POINT (26.8677915483 9.04192547865) 
2016-10-19,1.88,0, POINT (26.8677915483 9.04192547865) 
2016-10-20,2.5,0, POINT (26.8677915483 9.04192547865) 
2016-10-21,3.13,0, POINT (26.8677915483 9.04192547865) 
2016-10-22,3.75,0, POINT (26.8677915483 9.04192547865) 
2016-10-23,4.38,0, POINT (26.8677915483 9.04192547865) 
2016-10-24,5.0,1, POINT (26.8677915483 9.04192547865) 
2016-10-25,5.08,0, POINT (26.8677915483 9.04192547865) 
2016-10-26,5.17,0, POINT (26.8677915483 9.04192547865) 
2016-10-27,5.25,0, POINT (26.8677915483 9.04192547865) 
2016-10-28,5.33,0, POINT (26.8677915483 9.04192547865) 
2016-10-29,5.42,0, POINT (26.8677915483 9.04192547865) 
2016-10-30,5.5,0, POINT (26.8677915483 9.04192547865) 
2016-10-31,5.58,0, POINT (26.8677915483 9.04192547865) 
2016-11-01,5.67,0, POINT (26.8677915483 9.04192547865) 
2016-11-02,5.75,0, POINT (26.8677915483 9.04192547865) 
2016-11-03,5.83,0, POINT (26.8677915483 9.04192547865) 
2016-11-04,5.92,0, POINT (26.8677915483 9.04192547865) 
2016-11-05,6.0,1, POINT (26.8677915483 9.04192547865) 
2016-11-06,5.67,0, POINT (26.8677915483 9.04192547865) 
2016-11-07,5.33,0, POINT (26.8677915483 9.04192547865) 
2016-11-08,5.0,0, POINT (26.8677915483 9.04192547865) 
2016-11-09,4.67,0, POINT (26.8677915483 9.04192547865) 
2016-11-10,4.33,0, POINT (26.8677915483 9.04192547865) 
2016-11-11,4.0,0, POINT (26.8677915483 9.04192547865) 
2016-11-12,3.67,0, POINT (26.8677915483 9.04192547865) 
2016-11-13,3.33,0, POINT (26.8677915483 9.04192547865) 
2016-11-14,3.0,0, POINT (26.8677915483 9.04192547865) 
2016-11-15,2.67,0, POINT (26.8677915483 9.04192547865) 
2016-11-16,2.33,0, POINT (26.8677915483 9.04192547865) 
2016-11-17,2.0,1, POINT (26.8677915483 9.04192547865) 
2016-11-18,2.0,0, POINT (26.8677915483 9.04192547865) 
2016-11-19,2.0,0, POINT (26.8677915483 9.04192547865) 
2016-11-20,2.0,0, POINT (26.8677915483 9.04192547865) 
2016-11-21,2.0,0, POINT (26.8677915483 9.04192547865) 
2016-11-22,2.0,0, POINT (26.8677915483 9.04192547865) 
2016-11-23,2.0,0, POINT (26.8677915483 9.04192547865) 
2016-11-24,2.0,0, POINT (26.8677915483 9.04192547865) 
2016-11-25,2.0,1, POINT (26.8677915483 9.04192547865) 
2016-11-26,2.0,0, POINT (26.8677915483 9.04192547865) 
2016-11-27,2.0,0, POINT (26.8677915483 9.04192547865) 
2016-11-28,2.0,0, POINT (26.8677915483 9.04192547865) 
2016-11-29,2.0,1, POINT (26.8677915483 9.04192547865) 
2016-11-30,2.0,0, POINT (26.8677915483 9.04192547865) 
2016-12-01,2.0,0, POINT (26.8677915483 9.04192547865) 
2016-12-02,2.0,0, POINT (26.8677915483 9.04192547865) 
2016-12-03,2.0,0, POINT (26.8677915483 9.04192547865) 
2016-12-04,2.0,0, POINT (26.8677915483 9.04192547865) 
2016-12-05,2.0,1, POINT (26.8677915483 9.04192547865) 
2016-12-06,1.67,0, POINT (26.8677915483 9.04192547865) 
2016-12-07,1.33,0, POINT (26.8677915483 9.04192547865) 
2016-12-08,1.0,0, POINT (26.8677915483 9.04192547865) 
2016-12-09,0.67,0, POINT (26.8677915483 9.04192547865) 
2016-12-10,0.33,0, POINT (26.8677915483 9.04192547865) 
2016-12-11,0.0,1, POINT (26.8677915483 9.04192547865) 
2016-12-12,0.5,0, POINT (26.8677915483 9.04192547865) 
2016-12-13,1.0,0, POINT (26.8677915483 9.04192547865) 
2016-12-14,1.5,0, POINT (26.8677915483 9.04192547865) 
2016-12-15,2.0,1, POINT (26.8677915483 9.04192547865) 
2016-12-16,1.75,0, POINT (26.8677915483 9.04192547865) 
2016-12-17,1.5,0, POINT (26.8677915483 9.04192547865) 
2016-12-18,1.25,0, POINT (26.8677915483 9.04192547865) 
2016-12-19,1.0,0, POINT (26.8677915483 9.04192547865) 
2016-12-20,0.75,0, POINT (26.8677915483 9.04192547865) 
2016-12-21,0.5,0, POINT (26.8677915483 9.04192547865) 
2016-12-22,0.25,0, POINT (26.8677915483 9.04192547865) 
2016-12-23,0.0,1, POINT (26.8677915483 9.04192547865) 
2016-12-24,0.5,0, POINT (26.8677915483 9.04192547865) 
2016-12-25,1.0,1, POINT (26.8677915483 9.04192547865) 
2016-12-26,1.0,0, POINT (26.8677915483 9.04192547865) 
2016-12-27,1.0,0, POINT (26.8677915483 9.04192547865) 
2016-12-28,1.0,0, POINT (26.8677915483 9.04192547865) 
2016-12-29,1.0,0, POINT (26.8677915483 9.04192547865) 
2016-12-30,1.0,0, POINT (26.8677915483 9.04192547865) 
2016-12-31,1.0,0, POINT (26.8677915483 9.04192547865) 
2017-01-01,1.0,0, POINT (26.8677915483 9.04192547865) 
2017-01-02,1.0,0, POINT (26.8677915483 9.04192547865) 
2017-01-03,1.0,0, POINT (26.8677915483 9.04192547865) 
2017-01-04,1.0,1, POINT (26.8677915483 9.04192547865) 
2017-01-05,1.0,0, POINT (26.8677915483 9.04192547865) 
2017-01-06,1.0,0, POINT (26.8677915483 9.04192547865) 
2017-01-07,1.0,0, POINT (26.8677915483 9.04192547865) 
2017-01-08,1.0,0, POINT (26.8677915483 9.04192547865) 
2017-01-09,1.0,0, POINT (26.8677915483 9.04192547865) 
2017-01-10,1.0,0, POINT (26.8677915483 9.04192547865) 
2017-01-11,1.0,0, POINT (26.8677915483 9.04192547865) 
2017-01-12,1.0,0, POINT (26.8677915483 9.04192547865) 
2017-01-13,1.0,0, POINT (26.8677915483 9.04192547865) 
2017-01-14,1.0,1, POINT (26.8677915483 9.04192547865) 
2017-01-15,0.5,0, POINT (26.8677915483 9.04192547865) 
2017-01-16,0.0,1, POINT (26.8677915483 9.04192547865) 
2017-01-17,0.13,0, POINT (26.8677915483 9.04192547865) 
2017-01-18,0.25,0, POINT (26.8677915483 9.04192547865) 
2017-01-19,0.38,0, POINT (26.8677915483 9.04192547865) 
2017-01-20,0.5,0, POINT (26.8677915483 9.04192547865) 
2017-01-21,0.63,0, POINT (26.8677915483 9.04192547865) 
2017-01-22,0.75,0, POINT (26.8677915483 9.04192547865) 
2017-01-23,0.88,0, POINT (26.8677915483 9.04192547865) 
2017-01-24,1.0,1, POINT (26.8677915483 9.04192547865) 
2017-01-25,0.75,0, POINT (26.8677915483 9.04192547865) 
2017-01-26,0.5,0, POINT (26.8677915483 9.04192547865) 
2017-01-27,0.25,0, POINT (26.8677915483 9.04192547865) 
2017-01-28,0.0,1, POINT (26.8677915483 9.04192547865) 
2017-01-29,0.17,0, POINT (26.8677915483 9.04192547865) 
2017-01-30,0.33,0, POINT (26.8677915483 9.04192547865) 
2017-01-31,0.5,0, POINT (26.8677915483 9.04192547865) 
2017-02-01,0.67,0, POINT (26.8677915483 9.04192547865) 
2017-02-02,0.83,0, POINT (26.8677915483 9.04192547865) 
2017-02-03,1.0,1, POINT (26.8677915483 9.04192547865) 
2017-02-04,0.83,0, POINT (26.8677915483 9.04192547865) 
2017-02-05,0.67,0, POINT (26.8677915483 9.04192547865) 
2017-02-06,0.5,0, POINT (26.8677915483 9.04192547865) 
2017-02-07,0.33,0, POINT (26.8677915483 9.04192547865) 
2017-02-08,0.17,0, POINT (26.8677915483 9.04192547865) 
2017-02-09,0.0,1, POINT (26.8677915483 9.04192547865) 
2017-02-10,0.25,0, POINT (26.8677915483 9.04192547865) 
2017-02-11,0.5,0, POINT (26.8677915483 9.04192547865) 
2017-02-12,0.75,0, POINT (26.8677915483 9.04192547865) 
2017-02-13,1.0,1, POINT (26.8677915483 9.04192547865) 
2017-02-14,0.88,0, POINT (26.8677915483 9.04192547865) 
2017-02-15,0.75,0, POINT (26.8677915483 9.04192547865) 
2017-02-16,0.63,0, POINT (26.8677915483 9.04192547865) 
2017-02-17,0.5,0, POINT (26.8677915483 9.04192547865) 
2017-02-18,0.38,0, POINT (26.8677915483 9.04192547865) 
2017-02-19,0.25,0, POINT (26.8677915483 9.04192547865) 
2017-02-20,0.13,0, POINT (26.8677915483 9.04192547865) 
2017-02-21,0.0,1, POINT (26.8677915483 9.04192547865) 
2017-02-22,0.5,0, POINT (26.8677915483 9.04192547865) 
2017-02-23,1.0,1, POINT (26.8677915483 9.04192547865) 
2017-02-24,1.0,0, POINT (26.8677915483 9.04192547865) 
2017-02-25,1.0,0, POINT (26.8677915483 9.04192547865) 
2017-02-26,1.0,0, POINT (26.8677915483 9.04192547865) 
2017-02-27,1.0,0, POINT (26.8677915483 9.04192547865) 
2017-02-28,1.0,0, POINT (26.8677915483 9.04192547865) 
2017-03-01,1.0,0, POINT (26.8677915483 9.04192547865) 
2017-03-02,1.0,0, POINT (26.8677915483 9.04192547865) 
2017-03-03,1.0,0, POINT (26.8677915483 9.04192547865) 
2017-03-04,1.0,0, POINT (26.8677915483 9.04192547865) 
2017-03-05,1.0,1, POINT (26.8677915483 9.04192547865) 
2017-03-06,0.9,0, POINT (26.8677915483 9.04192547865) 
2017-03-07,0.8,0, POINT (26.8677915483 9.04192547865) 
2017-03-08,0.7,0, POINT (26.8677915483 9.04192547865) 
2017-03-09,0.6,0, POINT (26.8677915483 9.04192547865) 
2017-03-10,0.5,0, POINT (26.8677915483 9.04192547865) 
2017-03-11,0.4,0, POINT (26.8677915483 9.04192547865) 
2017-03-12,0.3,0, POINT (26.8677915483 9.04192547865) 
2017-03-13,0.2,0, POINT (26.8677915483 9.04192547865) 
2017-03-14,0.1,0, POINT (26.8677915483 9.04192547865) 
2017-03-15,0.0,1, POINT (26.8677915483 9.04192547865) 
2017-03-16,0.0,0, POINT (26.8677915483 9.04192547865) 
2017-03-17,0.0,1, POINT (26.8677915483 9.04192547865) 
2017-03-18,0.0,0, POINT (26.8677915483 9.04192547865) 
2017-03-19,0.0,0, POINT (26.8677915483 9.04192547865) 
2017-03-20,0.0,0, POINT (26.8677915483 9.04192547865) 
2017-03-21,0.0,0, POINT (26.8677915483 9.04192547865) 
2017-03-22,0.0,0, POINT (26.8677915483 9.04192547865) 
2017-03-23,0.0,0, POINT (26.8677915483 9.04192547865) 
2017-03-24,0.0,0, POINT (26.8677915483 9.04192547865) 
2017-03-25,0.0,0, POINT (26.8677915483 9.04192547865) 
2017-03-26,0.0,0, POINT (26.8677915483 9.04192547865) 
2017-03-27,0.0,0, POINT (26.8677915483 9.04192547865) 
2017-03-28,0.0,0, POINT (26.8677915483 9.04192547865) 
2017-03-29,0.0,1, POINT (26.8677915483 9.04192547865) 
2017-03-30,0.0,0, POINT (26.8677915483 9.04192547865) 
2017-03-31,0.0,0, POINT (26.8677915483 9.04192547865) 
